z,n,name,halflife,halflifeUnit,halflife_in_seconds
0,1,Neutron,608.9,s,608.9
1,2,3H,12.3221,y,388589745.6
1,3,4H,3.3,MeV,1.9945454545454547e-22
1,4,5H,5.3,MeV,1.2418867924528303e-22
1,6,7H,0.18,MeV,3.656666666666667e-21
2,3,5He,719.0,keV,9.154381084840057e-22
2,4,6He,807.12,ms,0.8071200000000001
2,5,7He,195.0,keV,3.3753846153846154e-21
2,6,8He,119.0,ms,0.11900000000000001
2,7,9He,180.0,keV,3.656666666666667e-21
2,8,10He,1.8,MeV,3.6566666666666668e-22
3,1,4Li,5.0,MeV,1.3164e-22
3,2,5Li,1.23,MeV,5.351219512195122e-22
3,5,8Li,838.79,ms,0.83879
3,6,9Li,178.0,ms,0.178
3,8,11Li,8.75,ms,0.00875
3,10,13Li,125.0,keV,5.2656e-21
4,2,6Be,92.0,keV,7.154347826086957e-21
4,3,7Be,53.3,d,4605120.0
4,4,8Be,5.57,eV,1.1816876122082586e-16
4,6,10Be,1.39,y,43835040.0
4,7,11Be,13.77,s,13.77
4,8,12Be,21.46,ms,0.02146
4,9,13Be,450.0,keV,1.4626666666666667e-21
4,11,15Be,580.0,keV,1.1348275862068966e-21
4,12,16Be,0.8,MeV,8.2275e-22
4,10,14Be,4.65,ms,0.0046500000000000005
5,12,17B,5.07,ms,0.005070000000000001
5,14,19B,2.92,ms,0.00292
5,10,15B,10.18,ms,0.01018
5,11,16B,100.0,keV,6.582e-21
5,2,7B,801.0,keV,8.217228464419475e-22
5,3,8B,772.1,ms,0.7721
5,4,9B,540.0,eV,1.2188888888888888e-18
5,7,12B,20.22,ms,0.02022
5,8,13B,17.16,ms,0.01716
5,9,14B,12.34,ms,0.01234
6,2,8C,130.0,keV,5.063076923076923e-21
6,3,9C,126.5,ms,0.1265
6,4,10C,19.3015,s,19.3015
6,5,11C,20.3401,m,1220.406
6,8,14C,5686.0,y,179313696000.0
6,9,15C,2.451,s,2.451
6,14,20C,16.0,ms,0.016
6,13,19C,46.3,ms,0.0463
6,16,22C,6.1,ms,0.0060999999999999995
6,10,16C,750.0,ms,0.75
6,12,18C,92.0,ms,0.092
6,11,17C,193.0,ms,0.193
7,15,22N,20.9,ms,0.0209
7,14,21N,85.3,ms,0.0853
7,17,24N,52.0,ns,5.2e-08
7,16,23N,14.1,ms,0.0141
7,11,18N,619.0,ms,0.619
7,10,17N,4.171,s,4.171
7,13,20N,136.0,ms,0.136
7,12,19N,336.0,ms,0.336
7,3,10N,2.5,MeV,2.6328e-22
7,4,11N,780.0,keV,8.438461538461539e-22
7,5,12N,10.996,ms,0.010996
7,6,13N,9.967,m,598.02
7,9,16N,7.13,s,7.13
8,17,25O,88.0,keV,7.479545454545454e-21
8,18,26O,0.0045,ns,4.5e-12
8,15,23O,96.0,ms,0.096
8,16,24O,72.0,ms,0.07200000000000001
8,13,21O,3.42,s,3.42
8,14,22O,2.19,s,2.19
8,11,19O,26.47,s,26.47
8,12,20O,13.51,s,13.51
8,20,28O,100.0,ns,1.0000000000000001e-07
8,3,11O,2.31,MeV,2.849350649350649e-22
8,4,12O,51.0,keV,1.2905882352941175e-20
8,5,13O,8.58,ms,0.00858
8,6,14O,70.6183,s,70.6183
8,7,15O,122.268,s,122.268
9,18,27F,5.3,ms,0.0053
9,19,28F,180.0,keV,3.656666666666667e-21
9,16,25F,81.0,ms,0.081
9,17,26F,8.6,ms,0.0086
9,11,20F,11.0064,s,11.0064
9,14,23F,2.23,s,2.23
9,15,24F,384.0,ms,0.384
9,12,21F,4.158,s,4.158
9,13,22F,4.23,s,4.23
9,21,30F,250.0,ns,2.5000000000000004e-07
9,20,29F,3.3,ms,0.0033
9,5,14F,910.0,keV,7.232967032967033e-22
9,6,15F,0.38,MeV,1.7321052631578946e-21
9,7,16F,23.1,keV,2.849350649350649e-20
9,8,17F,64.368,s,64.368
9,9,18F,109.734,m,6584.04
10,13,23Ne,37.148,s,37.148
10,14,24Ne,3.38,m,202.79999999999998
10,15,25Ne,602.0,ms,0.602
10,16,26Ne,196.0,ms,0.196
10,17,27Ne,30.9,ms,0.0309
10,18,28Ne,18.7,ms,0.0187
10,19,29Ne,14.0,ms,0.014
10,20,30Ne,7.3,ms,0.0073
10,21,31Ne,3.4,ms,0.0034
10,22,32Ne,4.5,ms,0.0045000000000000005
10,23,33Ne,180.0,ns,1.8000000000000002e-07
10,9,19Ne,17.2569,s,17.2569
10,7,17Ne,109.1,ms,0.1091
10,8,18Ne,1.66432,s,1.66432
10,5,15Ne,0.59,MeV,1.115593220338983e-21
10,6,16Ne,80.0,keV,8.2275e-21
11,9,20Na,448.0,ms,0.448
11,8,19Na,40.0,keV,1.6455e-20
11,21,32Na,13.2,ms,0.0132
11,20,31Na,17.0,ms,0.017
11,23,34Na,5.5,ms,0.0055
11,22,33Na,8.2,ms,0.008199999999999999
11,24,35Na,2.4,ms,0.0024
11,10,21Na,22.4548,s,22.4548
11,11,22Na,2.6019,y,82053518.4
11,14,25Na,58.9,s,58.9
11,13,24Na,14.9578,h,53848.08
11,16,27Na,301.0,ms,0.301
11,15,26Na,1.07128,s,1.07128
11,18,29Na,43.2,ms,0.0432
11,17,28Na,34.6,ms,0.0346
11,19,30Na,44.8,ms,0.0448
12,11,23Mg,11.3042,s,11.3042
12,10,22Mg,3.87445,s,3.87445
12,15,27Mg,9.435,m,566.1
12,17,29Mg,1.31,s,1.31
12,16,28Mg,20.915,h,75294.0
12,19,31Mg,270.0,ms,0.27
12,18,30Mg,314.0,ms,0.314
12,20,32Mg,80.4,ms,0.08040000000000001
12,22,34Mg,44.9,ms,0.0449
12,21,33Mg,90.2,ms,0.0902
12,24,36Mg,7.2,ms,0.007200000000000001
12,23,35Mg,11.3,ms,0.011300000000000001
12,26,38Mg,3.1,ms,0.0031000000000000003
12,25,37Mg,6.4,ms,0.0064
12,9,21Mg,120.0,ms,0.12
12,8,20Mg,90.4,ms,0.09040000000000001
12,7,19Mg,3500.0,fs,3.5000000000000004e-12
12,6,18Mg,115.0,keV,5.723478260869565e-21
13,9,22Al,88.6,ms,0.0886
13,8,21Al,35.0,ns,3.5e-08
13,22,35Al,38.4,ms,0.0384
13,23,36Al,90.0,ms,0.09
13,20,33Al,41.5,ms,0.0415
13,21,34Al,53.73,ms,0.05373
13,26,39Al,7.23,ms,0.00723
13,27,40Al,5.7,ms,0.0057
13,24,37Al,11.4,ms,0.0114
13,25,38Al,9.0,ms,0.009000000000000001
13,28,41Al,3.5,ms,0.0035
13,11,24Al,2.053,s,2.053
13,12,25Al,7.1666,s,7.1666
13,10,23Al,447.0,ms,0.447
13,15,28Al,2.2483,m,134.898
13,16,29Al,6.56,m,393.59999999999997
13,13,26Al,7.17,y,226113120.0
13,19,32Al,31.7,ms,0.0317
13,17,30Al,3.61,s,3.61
13,18,31Al,0.644,s,0.644
14,12,26Si,2.2452,s,2.2452
14,13,27Si,4.111,s,4.111
14,10,24Si,141.4,ms,0.1414
14,11,25Si,219.2,ms,0.2192
14,17,31Si,157.24,m,9434.400000000001
14,18,32Si,163.3,y,5149828800.0
14,19,33Si,6.17,s,6.17
14,23,37Si,141.0,ms,0.14100000000000001
14,24,38Si,63.0,ms,0.063
14,21,35Si,0.78,s,0.78
14,22,36Si,503.0,ms,0.503
14,27,41Si,20.0,ms,0.02
14,28,42Si,15.0,ms,0.015
14,25,39Si,38.7,ms,0.038700000000000005
14,26,40Si,30.3,ms,0.0303
14,20,34Si,2.77,s,2.77
14,29,43Si,13.0,ms,0.013000000000000001
14,9,23Si,47.0,ms,0.047
14,8,22Si,28.4,ms,0.028399999999999998
15,25,40P,150.0,ms,0.15
15,24,39P,204.0,ms,0.20400000000000001
15,23,38P,640.0,ms,0.64
15,22,37P,2.31,s,2.31
15,29,44P,18.2,ms,0.0182
15,28,43P,36.5,ms,0.0365
15,27,42P,48.5,ms,0.0485
15,26,41P,101.0,ms,0.101
15,21,36P,5.6,s,5.6
15,20,35P,47.3,s,47.3
15,30,45P,24.0,ms,0.024
15,14,29P,4.1022,s,4.1022
15,13,28P,270.3,ms,0.27030000000000004
15,12,27P,260.0,ms,0.26
15,11,26P,43.6,ms,0.0436
15,18,33P,25.35,d,2190240.0
15,17,32P,14.267,d,1232668.8
15,15,30P,2.5,m,150.0
15,10,25P,30.0,ns,3.0000000000000004e-08
15,19,34P,12.43,s,12.43
16,30,46S,50.0,ms,0.05
16,15,31S,2.5534,s,2.5534
16,14,30S,1.17976,s,1.17976
16,13,29S,188.0,ms,0.188
16,12,28S,125.0,ms,0.125
16,19,35S,87.35,d,7547039.999999999
16,11,27S,16.3,ms,0.016300000000000002
16,10,26S,79.0,ns,7.9e-08
16,26,42S,1.016,s,1.016
16,25,41S,2.6,s,2.6
16,24,40S,8.8,s,8.8
16,23,39S,11.5,s,11.5
16,29,45S,68.0,ms,0.068
16,28,44S,124.5,ms,0.1245
16,27,43S,265.0,ms,0.265
16,22,38S,170.3,m,10218.0
16,21,37S,5.05,m,303.0
17,28,45Cl,413.0,ms,0.41300000000000003
17,29,46Cl,232.0,ms,0.232
17,24,41Cl,38.4,s,38.4
17,25,42Cl,6.8,s,6.8
17,26,43Cl,3.13,s,3.13
17,27,44Cl,542.0,ms,0.542
17,21,38Cl,37.236,m,2234.16
17,22,39Cl,56.2,m,3372.0
17,23,40Cl,1.33,m,79.80000000000001
17,30,47Cl,101.0,ms,0.101
17,17,34Cl,1.5265,s,1.5265
17,19,36Cl,3.01,y,94923360.0
17,13,30Cl,30.0,ns,3.0000000000000004e-08
17,14,31Cl,190.0,ms,0.19
17,15,32Cl,299.1,ms,0.29910000000000003
17,16,33Cl,2.506,s,2.506
17,12,29Cl,20.0,ns,2e-08
18,32,50Ar,105.0,ms,0.105
18,30,48Ar,416.0,ms,0.41600000000000004
18,31,49Ar,236.0,ms,0.23600000000000002
18,19,37Ar,35.01,d,3024864.0
18,14,32Ar,98.0,ms,0.098
18,15,33Ar,173.0,ms,0.17300000000000001
18,16,34Ar,846.46,ms,0.8464600000000001
18,17,35Ar,1.7754,s,1.7754
18,12,30Ar,10.0,ps,1e-11
18,13,31Ar,15.0,ms,0.015
18,29,47Ar,1.23,s,1.23
18,25,43Ar,5.37,m,322.2
18,26,44Ar,11.87,m,712.1999999999999
18,27,45Ar,21.48,s,21.48
18,28,46Ar,8.4,s,8.4
18,21,39Ar,268.0,y,8451648000.0
18,23,41Ar,109.61,m,6576.6
18,24,42Ar,32.9,y,1037534400.0
19,27,46K,96.31,s,96.31
19,26,45K,17.79,m,1067.3999999999999
19,29,48K,6.8,s,6.8
19,28,47K,17.38,s,17.38
19,23,42K,12.359,h,44492.4
19,25,44K,22.13,m,1327.8
19,24,43K,22.28,h,80208.0
19,21,40K,1.25,y,39420000.0
19,34,53K,30.0,ms,0.03
19,33,52K,110.0,ms,0.11
19,35,54K,10.0,ms,0.01
19,30,49K,1.26,s,1.26
19,32,51K,365.0,ms,0.365
19,31,50K,472.0,ms,0.47200000000000003
19,19,38K,7.645,m,458.7
19,16,35K,178.0,ms,0.178
19,18,37K,1.23647,s,1.23647
19,17,36K,341.0,ms,0.341
19,12,31K,0.01,ns,1.0000000000000001e-11
20,36,56Ca,11.0,ms,0.011
20,35,55Ca,22.0,ms,0.022
20,34,54Ca,90.0,ms,0.09
20,33,53Ca,461.0,ms,0.461
20,32,52Ca,4.6,s,4.6
20,31,51Ca,10.0,s,10.0
20,30,50Ca,13.45,s,13.45
20,19,39Ca,860.3,ms,0.8603
20,18,38Ca,443.77,ms,0.44377
20,17,37Ca,181.0,ms,0.181
20,16,36Ca,100.8,ms,0.1008
20,15,35Ca,25.7,ms,0.0257
20,29,49Ca,8.718,m,523.08
20,28,48Ca,5.6,y,176601600.0
20,27,47Ca,4.536,d,391910.39999999997
20,25,45Ca,162.61,d,14049504.000000002
20,21,41Ca,9.94,y,313467840.0
21,29,50Sc,102.5,s,102.5
21,28,49Sc,57.2,m,3432.0
21,27,48Sc,43.71,h,157356.0
21,26,47Sc,3.3491,d,289362.24
21,25,46Sc,83.808,d,7241011.2
21,24,45Sc,325.8,ms,0.32580000000000003
21,23,44Sc,4.042,h,14551.199999999999
21,22,43Sc,3.891,h,14007.6
21,21,42Sc,680.79,ms,0.68079
21,20,41Sc,596.3,ms,0.5962999999999999
21,37,58Sc,12.0,ms,0.012
21,36,57Sc,20.0,ms,0.02
21,35,56Sc,26.0,ms,0.026000000000000002
21,34,55Sc,92.0,ms,0.092
21,33,54Sc,526.0,ms,0.526
21,32,53Sc,2.4,s,2.4
21,31,52Sc,8.2,s,8.2
21,30,51Sc,12.5,s,12.5
21,19,40Sc,182.4,ms,0.1824
22,39,61Ti,15.0,ms,0.015
22,38,60Ti,22.2,ms,0.0222
22,37,59Ti,28.5,ms,0.0285
22,36,58Ti,55.0,ms,0.055
22,35,57Ti,94.0,ms,0.094
22,34,56Ti,199.0,ms,0.199
22,33,55Ti,1.3,s,1.3
22,32,54Ti,1.6,s,1.6
22,31,53Ti,32.7,s,32.7
22,30,52Ti,1.7,m,102.0
22,19,41Ti,81.9,ms,0.0819
22,18,40Ti,52.4,ms,0.0524
22,17,39Ti,28.5,ms,0.0285
22,29,51Ti,5.756,m,345.36
22,23,45Ti,184.8,m,11088.0
22,22,44Ti,59.1,y,1863777600.0
22,21,43Ti,509.0,ms,0.509
22,20,42Ti,208.34,ms,0.20834
23,41,64V,15.0,ms,0.015
23,40,63V,19.6,ms,0.019600000000000003
23,27,50V,2.68,y,84516480.0
23,29,52V,3.743,m,224.57999999999998
23,20,43V,79.3,ms,0.0793
23,21,44V,111.0,ms,0.111
23,22,45V,546.0,ms,0.546
23,23,46V,422.62,ms,0.42262
23,24,47V,32.6,m,1956.0
23,25,48V,15.974,d,1380153.6
23,26,49V,330.0,d,28512000.0
23,38,61V,48.2,ms,0.04820000000000001
23,39,62V,33.6,ms,0.033600000000000005
23,30,53V,1.537,m,92.22
23,31,54V,49.8,s,49.8
23,32,55V,6.54,s,6.54
23,33,56V,218.0,ms,0.218
23,34,57V,347.0,ms,0.34700000000000003
23,35,58V,192.0,ms,0.192
23,36,59V,96.0,ms,0.096
23,37,60V,122.0,ms,0.122
24,39,63Cr,129.0,ms,0.129
24,31,55Cr,3.498,m,209.88000000000002
24,32,56Cr,5.94,m,356.40000000000003
24,33,57Cr,21.1,s,21.1
24,34,58Cr,7.0,s,7.0
24,35,59Cr,1.05,s,1.05
24,36,60Cr,490.0,ms,0.49
24,37,61Cr,243.0,ms,0.243
24,38,62Cr,206.0,ms,0.20600000000000002
24,42,66Cr,24.0,ms,0.024
24,40,64Cr,43.0,ms,0.043000000000000003
24,41,65Cr,28.0,ms,0.028
24,18,42Cr,13.3,ms,0.013300000000000001
24,19,43Cr,21.1,ms,0.0211
24,20,44Cr,42.8,ms,0.0428
24,21,45Cr,60.9,ms,0.0609
24,22,46Cr,244.3,ms,0.24430000000000002
24,23,47Cr,460.6,ms,0.4606
24,24,48Cr,21.56,h,77616.0
24,25,49Cr,42.3,m,2538.0
24,27,51Cr,27.7004,d,2393314.56
25,44,69Mn,22.1,ms,0.0221
25,43,68Mn,33.9,ms,0.0339
25,45,70Mn,19.9,ms,0.019899999999999998
25,40,65Mn,91.7,ms,0.0917
25,42,67Mn,47.0,ms,0.047
25,41,66Mn,63.9,ms,0.0639
25,29,54Mn,312.1,d,26965440.000000004
25,22,47Mn,88.0,ms,0.088
25,21,46Mn,36.2,ms,0.0362
25,24,49Mn,382.1,ms,0.38210000000000005
25,23,48Mn,157.7,ms,0.15769999999999998
25,26,51Mn,45.84,m,2750.4
25,25,50Mn,283.19,ms,0.28319
25,28,53Mn,3.62,y,114160320.0
25,27,52Mn,5.591,d,483062.4
25,33,58Mn,3.0,s,3.0
25,32,57Mn,85.4,s,85.4
25,35,60Mn,0.28,s,0.28
25,34,59Mn,4.59,s,4.59
25,37,62Mn,92.0,ms,0.092
25,36,61Mn,0.709,s,0.709
25,39,64Mn,90.0,ms,0.09
25,38,63Mn,277.0,ms,0.277
25,31,56Mn,2.5788,h,9283.68
25,19,44Mn,105.0,ns,1.05e-07
26,34,60Fe,2.61,y,82308960.0
26,33,59Fe,44.495,d,3844368.0
26,36,62Fe,68.0,s,68.0
26,35,61Fe,6.03,m,361.8
26,38,64Fe,2.0,s,2.0
26,37,63Fe,6.1,s,6.1
26,39,65Fe,0.803,s,0.803
26,45,71Fe,34.0,ms,0.034
26,44,70Fe,61.5,ms,0.0615
26,47,73Fe,12.9,ms,0.0129
26,46,72Fe,19.0,ms,0.019
26,48,74Fe,8.2,ms,0.008199999999999999
26,41,67Fe,398.0,ms,0.398
26,40,66Fe,472.0,ms,0.47200000000000003
26,43,69Fe,162.0,ms,0.162
26,42,68Fe,186.0,ms,0.186
26,19,45Fe,2.6,ms,0.0026000000000000003
26,23,49Fe,64.7,ms,0.06470000000000001
26,22,48Fe,45.5,ms,0.0455
26,25,51Fe,305.0,ms,0.305
26,24,50Fe,152.0,ms,0.152
26,27,53Fe,8.51,m,510.59999999999997
26,26,52Fe,8.273,h,29782.8
26,29,55Fe,2.756,y,86913216.0
26,21,47Fe,21.9,ms,0.0219
26,20,46Fe,13.9,ms,0.013900000000000001
27,47,74Co,31.3,ms,0.0313
27,48,75Co,26.5,ms,0.0265
27,45,72Co,51.9,ms,0.0519
27,46,73Co,42.0,ms,0.042
27,49,76Co,16.0,ms,0.016
27,40,67Co,329.0,ms,0.329
27,43,70Co,114.0,ms,0.114
27,44,71Co,80.0,ms,0.08
27,41,68Co,222.0,ms,0.222
27,42,69Co,210.0,ms,0.21
27,50,77Co,13.0,ms,0.013000000000000001
27,25,52Co,111.0,ms,0.111
27,26,53Co,244.0,ms,0.244
27,23,50Co,38.8,ms,0.0388
27,24,51Co,68.8,ms,0.0688
27,29,56Co,77.236,d,6673190.4
27,27,54Co,193.27,ms,0.19327000000000003
27,28,55Co,17.53,h,63108.00000000001
27,36,63Co,26.9,s,26.9
27,37,64Co,300.0,ms,0.3
27,34,61Co,1.65,h,5940.0
27,35,62Co,1.51,m,90.6
27,38,65Co,1.16,s,1.16
27,39,66Co,200.0,ms,0.2
27,33,60Co,5.271,y,166226256.0
27,30,57Co,271.8,d,23483520.0
27,31,58Co,70.883,d,6124291.199999999
28,51,79Ni,43.0,ms,0.043000000000000003
28,52,80Ni,24.0,ms,0.024
28,50,78Ni,122.2,ms,0.1222
28,37,65Ni,2.5175,h,9063.0
28,38,66Ni,54.6,h,196560.0
28,35,63Ni,100.8,y,3178828800.0
28,39,67Ni,21.0,s,21.0
28,31,59Ni,8.1,y,255441600.0
28,48,76Ni,234.7,ms,0.2347
28,49,77Ni,158.5,ms,0.1585
28,46,74Ni,507.7,ms,0.5077
28,47,75Ni,332.2,ms,0.3322
28,40,68Ni,29.0,s,29.0
28,41,69Ni,11.4,s,11.4
28,44,72Ni,1.57,s,1.57
28,45,73Ni,838.0,ms,0.838
28,42,70Ni,6.0,s,6.0
28,43,71Ni,2.55,s,2.55
28,26,54Ni,114.1,ms,0.1141
28,27,55Ni,203.9,ms,0.2039
28,24,52Ni,41.4,ms,0.0414
28,25,53Ni,55.2,ms,0.055200000000000006
28,28,56Ni,6.081,d,525398.4
28,29,57Ni,35.6,h,128160.0
28,22,50Ni,17.6,ms,0.0176
28,23,51Ni,23.8,ms,0.0238
28,20,48Ni,2.1,ms,0.0021000000000000003
28,21,49Ni,7.5,ms,0.0075
29,28,57Cu,196.4,ms,0.19640000000000002
29,27,56Cu,80.8,ms,0.0808
29,26,55Cu,55.9,ms,0.0559
29,25,54Cu,75.0,ns,7.500000000000001e-08
29,29,58Cu,3.205,s,3.205
29,24,53Cu,130.0,ns,1.3e-07
29,39,68Cu,30.8,s,30.8
29,38,67Cu,61.81,h,222516.0
29,37,66Cu,5.09,m,305.4
29,31,60Cu,23.74,m,1424.3999999999999
29,30,59Cu,82.0,s,82.0
29,35,64Cu,12.7007,h,45722.52
29,33,62Cu,9.672,m,580.32
29,32,61Cu,3.339,h,12020.4
29,49,78Cu,331.3,ms,0.33130000000000004
29,48,77Cu,469.8,ms,0.4698
29,47,76Cu,637.0,ms,0.637
29,42,71Cu,19.4,s,19.4
29,41,70Cu,44.5,s,44.5
29,40,69Cu,2.9,m,174.0
29,46,75Cu,1.224,s,1.224
29,45,74Cu,1.606,s,1.606
29,44,73Cu,4.2,s,4.2
29,43,72Cu,6.63,s,6.63
29,53,82Cu,33.0,ms,0.033
29,52,81Cu,73.2,ms,0.0732
29,51,80Cu,113.3,ms,0.1133
29,50,79Cu,241.0,ms,0.241
30,28,58Zn,86.0,ms,0.08600000000000001
30,27,57Zn,45.6,ms,0.0456
30,29,59Zn,182.1,ms,0.1821
30,24,54Zn,1.59,ms,0.00159
30,26,56Zn,32.0,ms,0.032
30,25,55Zn,19.8,ms,0.0198
30,53,83Zn,119.0,ms,0.11900000000000001
30,52,82Zn,177.7,ms,0.1777
30,54,84Zn,53.6,ms,0.0536
30,51,81Zn,299.4,ms,0.2994
30,50,80Zn,561.9,ms,0.5619
30,42,72Zn,46.5,h,167400.0
30,41,71Zn,2.42,m,145.2
30,44,74Zn,96.0,s,96.0
30,43,73Zn,24.5,s,24.5
30,49,79Zn,746.0,ms,0.746
30,46,76Zn,5.3,s,5.3
30,45,75Zn,10.2,s,10.2
30,48,78Zn,1.47,s,1.47
30,47,77Zn,2.09,s,2.09
30,31,61Zn,88.8,s,88.8
30,30,60Zn,2.41,m,144.60000000000002
30,33,63Zn,38.38,m,2302.8
30,32,62Zn,9.193,h,33094.799999999996
30,39,69Zn,56.4,m,3384.0
30,35,65Zn,243.93,d,21075552.0
31,54,85Ga,95.1,ms,0.09509999999999999
31,53,84Ga,97.6,ms,0.09759999999999999
31,56,87Ga,29.0,ms,0.029
31,55,86Ga,49.0,ms,0.049
31,50,81Ga,1.217,s,1.217
31,52,83Ga,310.0,ms,0.31
31,51,82Ga,600.0,ms,0.6
31,43,74Ga,8.1,m,486.0
31,42,73Ga,4.87,h,17532.0
31,45,76Ga,31.0,s,31.0
31,44,75Ga,126.0,s,126.0
31,41,72Ga,14.025,h,50490.0
31,47,78Ga,5.09,s,5.09
31,46,77Ga,13.2,s,13.2
31,49,80Ga,1.9,s,1.9
31,48,79Ga,2.848,s,2.848
31,32,63Ga,32.1,s,32.1
31,31,62Ga,116.123,ms,0.116123
31,34,65Ga,15.134,m,908.04
31,33,64Ga,2.627,m,157.61999999999998
31,30,61Ga,166.0,ms,0.166
31,39,70Ga,21.14,m,1268.4
31,36,67Ga,3.2615,d,281793.6
31,35,66Ga,9.304,h,33494.4
31,37,68Ga,67.843,m,4070.5800000000004
31,29,60Ga,69.4,ms,0.0694
31,28,59Ga,43.0,ns,4.3e-08
32,45,77Ge,11.211,h,40359.6
32,46,78Ge,87.0,m,5220.0
32,43,75Ge,82.78,m,4966.8
32,44,76Ge,1.89,y,59603040.0
32,41,73Ge,0.449,s,0.449
32,49,81Ge,6.4,s,6.4
32,47,79Ge,18.97,s,18.97
32,48,80Ge,29.5,s,29.5
32,34,66Ge,2.26,h,8135.999999999999
32,35,67Ge,18.9,m,1134.0
32,32,64Ge,63.7,s,63.7
32,33,65Ge,30.8,s,30.8
32,30,62Ge,73.5,ms,0.0735
32,31,63Ge,153.3,ms,0.15330000000000002
32,39,71Ge,11.42,d,986688.0
32,36,68Ge,271.04,d,23417856.0
32,37,69Ge,38.9,h,140040.0
32,29,61Ge,40.7,ms,0.04070000000000001
32,27,59Ge,13.3,ms,0.013300000000000001
32,28,60Ge,25.0,ms,0.025
32,56,88Ge,61.0,ms,0.061
32,54,86Ge,226.0,ms,0.226
32,55,87Ge,103.0,ms,0.10300000000000001
32,52,84Ge,952.0,ms,0.9520000000000001
32,53,85Ge,514.0,ms,0.514
32,50,82Ge,4.48,s,4.48
32,51,83Ge,1.85,s,1.85
33,50,83As,14.1,s,14.1
33,55,88As,200.0,ms,0.2
33,53,86As,944.0,ms,0.9440000000000001
33,54,87As,484.0,ms,0.484
33,51,84As,3.16,s,3.16
33,52,85As,2.023,s,2.023
33,46,79As,9.01,m,540.6
33,47,80As,15.2,s,15.2
33,44,77As,38.79,h,139644.0
33,45,78As,90.7,m,5442.0
33,43,76As,26.24,h,94464.0
33,40,73As,80.3,d,6937920.0
33,41,74As,17.78,d,1536192.0
33,48,81As,33.3,s,33.3
33,49,82As,19.1,s,19.1
33,35,68As,151.6,s,151.6
33,36,69As,15.2,m,912.0
33,33,66As,95.77,ms,0.09577
33,34,67As,42.5,s,42.5
33,31,64As,69.2,ms,0.0692
33,32,65As,130.3,ms,0.13030000000000003
33,30,63As,43.0,ns,4.3e-08
33,39,72As,26.0,h,93600.0
33,37,70As,52.6,m,3156.0
33,38,71As,65.3,h,235080.0
34,50,84Se,3.3,m,198.0
34,51,85Se,32.9,s,32.9
34,56,90Se,195.0,ms,0.195
34,57,91Se,270.0,ms,0.27
34,54,88Se,1.51,s,1.51
34,55,89Se,0.41,s,0.41
34,52,86Se,14.3,s,14.3
34,53,87Se,5.51,s,5.51
34,47,81Se,18.5,m,1110.0
34,48,82Se,8.77,y,276570720.0
34,45,79Se,3.27,y,103122720.0
34,43,77Se,17.38,s,17.38
34,41,75Se,119.779,d,10348905.6
34,49,83Se,22.25,m,1335.0
34,36,70Se,41.1,m,2466.0
34,37,71Se,4.78,m,286.8
34,34,68Se,35.5,s,35.5
34,35,69Se,27.4,s,27.4
34,32,66Se,51.0,ms,0.051000000000000004
34,33,67Se,133.0,ms,0.133
34,30,64Se,22.6,ms,0.022600000000000002
34,31,65Se,34.2,ms,0.0342
34,38,72Se,8.4,d,725760.0
34,39,73Se,7.18,h,25848.0
34,29,63Se,13.2,ms,0.0132
35,52,87Br,55.68,s,55.68
35,51,86Br,55.1,s,55.1
35,50,85Br,2.94,m,176.4
35,59,94Br,70.0,ms,0.07
35,58,93Br,152.0,ms,0.152
35,57,92Br,344.0,ms,0.34400000000000003
35,56,91Br,544.0,ms,0.544
35,55,90Br,1.91,s,1.91
35,54,89Br,4.348,s,4.348
35,53,88Br,16.34,s,16.34
35,41,76Br,16.16,h,58176.0
35,40,75Br,96.7,m,5802.0
35,49,84Br,31.76,m,1905.6000000000001
35,48,83Br,2.374,h,8546.4
35,47,82Br,35.284,h,127022.4
35,45,80Br,17.68,m,1060.8
35,44,79Br,4.85,s,4.85
35,43,78Br,6.45,m,387.0
35,42,77Br,57.04,h,205344.0
35,38,73Br,3.4,m,204.0
35,37,72Br,78.6,s,78.6
35,36,71Br,21.4,s,21.4
35,35,70Br,78.88,ms,0.07887999999999999
35,34,69Br,24.0,ns,2.4000000000000003e-08
35,33,68Br,35.0,ns,3.5e-08
35,39,74Br,25.4,m,1524.0
36,64,100Kr,7.0,ms,0.007
36,63,99Kr,13.0,ms,0.013000000000000001
36,62,98Kr,43.0,ms,0.043000000000000003
36,61,97Kr,62.0,ms,0.062
36,60,96Kr,80.0,ms,0.08
36,53,89Kr,3.147,m,188.82
36,52,88Kr,2.803,h,10090.8
36,51,87Kr,76.09,m,4565.400000000001
36,59,95Kr,114.0,ms,0.114
36,58,94Kr,212.0,ms,0.212
36,57,93Kr,1.284,s,1.284
36,56,92Kr,1.841,s,1.841
36,55,91Kr,8.57,s,8.57
36,54,90Kr,32.32,s,32.32
36,41,77Kr,71.25,m,4275.0
36,40,76Kr,14.8,h,53280.0
36,49,85Kr,10.73,y,338381280.0
36,47,83Kr,1.83,h,6588.0
36,45,81Kr,2.29,y,72217440.0
36,43,79Kr,34.96,h,125856.0
36,31,67Kr,7.4,ms,0.0074
36,39,75Kr,4.55,m,273.0
36,38,74Kr,11.5,m,690.0
36,37,73Kr,27.3,s,27.3
36,36,72Kr,17.1,s,17.1
36,35,71Kr,95.0,ms,0.095
36,34,70Kr,45.19,ms,0.04519
36,33,69Kr,27.9,ms,0.027899999999999998
36,32,68Kr,21.6,ms,0.0216
37,55,92Rb,4.48,s,4.48
37,56,93Rb,5.85,s,5.85
37,57,94Rb,2.704,s,2.704
37,58,95Rb,379.9,ms,0.37989999999999996
37,59,96Rb,201.6,ms,0.2016
37,50,87Rb,4.97,y,156733920.0
37,51,88Rb,17.775,m,1066.5
37,52,89Rb,15.39,m,923.4000000000001
37,53,90Rb,158.0,s,158.0
37,54,91Rb,58.0,s,58.0
37,44,81Rb,4.571,h,16455.6
37,45,82Rb,1.2577,m,75.462
37,46,83Rb,86.2,d,7447680.0
37,47,84Rb,32.82,d,2835648.0
37,49,86Rb,18.671,d,1613174.4
37,40,77Rb,3.78,m,226.79999999999998
37,41,78Rb,17.66,m,1059.6
37,42,79Rb,22.8,m,1368.0
37,43,80Rb,33.4,s,33.4
37,35,72Rb,103.0,ns,1.0300000000000001e-07
37,36,73Rb,81.0,ns,8.100000000000001e-08
37,37,74Rb,64.777,ms,0.064777
37,38,75Rb,19.0,s,19.0
37,39,76Rb,36.5,s,36.5
37,66,103Rb,23.0,ms,0.023
37,60,97Rb,169.1,ms,0.1691
37,61,98Rb,115.0,ms,0.115
37,62,99Rb,53.8,ms,0.0538
37,63,100Rb,52.0,ms,0.052000000000000005
37,64,101Rb,32.0,ms,0.032
37,65,102Rb,37.0,ms,0.037
38,67,105Sr,39.0,ms,0.039
38,68,106Sr,20.0,ms,0.02
38,60,98Sr,653.0,ms,0.653
38,61,99Sr,269.0,ms,0.269
38,62,100Sr,201.0,ms,0.201
38,63,101Sr,114.0,ms,0.114
38,64,102Sr,72.0,ms,0.07200000000000001
38,65,103Sr,56.0,ms,0.056
38,66,104Sr,51.0,ms,0.051000000000000004
38,56,94Sr,75.3,s,75.3
38,57,95Sr,23.9,s,23.9
38,58,96Sr,1.065,s,1.065
38,59,97Sr,431.0,ms,0.431
38,51,89Sr,50.56,d,4368384.0
38,52,90Sr,28.91,y,911705760.0
38,53,91Sr,9.68,h,34848.0
38,54,92Sr,2.61,h,9396.0
38,55,93Sr,7.43,m,445.79999999999995
38,45,83Sr,32.41,h,116675.99999999999
38,47,85Sr,64.849,d,5602953.600000001
38,49,87Sr,2.815,h,10134.0
38,40,78Sr,156.0,s,156.0
38,41,79Sr,2.23,m,133.8
38,42,80Sr,106.3,m,6378.0
38,43,81Sr,22.29,m,1337.3999999999999
38,44,82Sr,25.35,d,2190240.0
38,35,73Sr,23.3,ms,0.0233
38,36,74Sr,27.6,ms,0.027600000000000003
38,37,75Sr,85.2,ms,0.0852
38,38,76Sr,7.89,s,7.89
38,39,77Sr,9.0,s,9.0
39,69,108Y,30.0,ms,0.03
39,68,107Y,33.5,ms,0.0335
39,61,100Y,729.0,ms,0.729
39,60,99Y,1.483,s,1.483
39,63,102Y,396.0,ms,0.396
39,62,101Y,429.0,ms,0.429
39,65,104Y,197.0,ms,0.197
39,64,103Y,236.0,ms,0.23600000000000002
39,67,106Y,81.0,ms,0.081
39,66,105Y,107.0,ms,0.107
39,70,109Y,25.0,ms,0.025
39,58,97Y,3.75,s,3.75
39,57,96Y,5.35,s,5.35
39,59,98Y,548.0,ms,0.548
39,50,89Y,15.663,s,15.663
39,52,91Y,58.56,d,5059584.0
39,51,90Y,64.046,h,230565.60000000003
39,54,93Y,10.17,h,36612.0
39,53,92Y,3.54,h,12744.0
39,56,95Y,10.4,m,624.0
39,55,94Y,18.7,m,1122.0
39,47,86Y,14.74,h,53064.0
39,46,85Y,2.67,h,9612.0
39,49,88Y,106.626,d,9212486.4
39,48,87Y,79.89,h,287604.0
39,41,80Y,30.1,s,30.1
39,40,79Y,14.8,s,14.8
39,43,82Y,8.3,s,8.3
39,42,81Y,70.4,s,70.4
39,45,84Y,40.1,m,2406.0
39,44,83Y,7.08,m,424.8
39,38,77Y,57.0,ms,0.057
39,37,76Y,24.0,ms,0.024
39,39,78Y,50.0,ms,0.05
40,69,109Zr,56.0,ms,0.056
40,68,108Zr,77.4,ms,0.07740000000000001
40,67,107Zr,146.0,ms,0.146
40,66,106Zr,178.0,ms,0.178
40,61,101Zr,2.32,s,2.32
40,60,100Zr,7.1,s,7.1
40,65,105Zr,670.0,ms,0.67
40,64,104Zr,922.0,ms,0.922
40,63,103Zr,1.38,s,1.38
40,62,102Zr,2.01,s,2.01
40,58,98Zr,30.7,s,30.7
40,57,97Zr,16.749,h,60296.399999999994
40,56,96Zr,2.29,y,72217440.0
40,55,95Zr,64.032,d,5532364.8
40,59,99Zr,2.1,s,2.1
40,50,90Zr,809.2,ms,0.8092
40,53,93Zr,1.61,y,50772960.0
40,47,87Zr,1.68,h,6048.0
40,46,86Zr,16.5,h,59400.0
40,45,85Zr,7.86,m,471.6
40,44,84Zr,26.0,m,1560.0
40,49,89Zr,78.364,h,282110.4
40,48,88Zr,83.4,d,7205760.000000001
40,43,83Zr,41.5,s,41.5
40,42,82Zr,32.0,s,32.0
40,41,81Zr,5.0,s,5.0
40,40,80Zr,4.6,s,4.6
40,39,79Zr,56.0,ms,0.056
40,72,112Zr,30.0,ms,0.03
40,71,111Zr,24.0,ms,0.024
40,70,110Zr,37.6,ms,0.0376
41,73,114Nb,17.0,ms,0.017
41,72,113Nb,32.0,ms,0.032
41,71,112Nb,38.0,ms,0.038
41,70,111Nb,54.0,ms,0.054
41,74,115Nb,23.0,ms,0.023
41,69,110Nb,75.0,ms,0.075
41,68,109Nb,107.0,ms,0.107
41,67,108Nb,194.0,ms,0.194
41,62,103Nb,1.36,s,1.36
41,61,102Nb,4.3,s,4.3
41,60,101Nb,7.2,s,7.2
41,66,107Nb,287.0,ms,0.28700000000000003
41,65,106Nb,1.097,s,1.097
41,64,105Nb,2.92,s,2.92
41,63,104Nb,4.9,s,4.9
41,59,100Nb,1.4,s,1.4
41,58,99Nb,15.0,s,15.0
41,57,98Nb,2.86,s,2.86
41,56,97Nb,72.1,m,4326.0
41,51,92Nb,3.47,y,109429920.0
41,50,91Nb,680.0,y,21444480000.0
41,55,96Nb,23.35,h,84060.0
41,54,95Nb,34.991,d,3023222.4
41,53,94Nb,2.04,y,64333440.0
41,52,93Nb,16.12,y,508360320.00000006
41,48,89Nb,2.03,h,7307.999999999999
41,47,88Nb,14.5,m,870.0
41,46,87Nb,3.7,m,222.0
41,45,86Nb,88.0,s,88.0
41,49,90Nb,14.6,h,52560.0
41,40,81Nb,40.0,ns,4e-08
41,44,85Nb,20.5,s,20.5
41,43,84Nb,9.8,s,9.8
41,42,83Nb,3.9,s,3.9
41,41,82Nb,50.0,ms,0.05
42,70,112Mo,125.0,ms,0.125
42,75,117Mo,22.0,ms,0.022
42,76,118Mo,19.0,ms,0.019
42,71,113Mo,80.0,ms,0.08
42,72,114Mo,58.0,ms,0.058
42,73,115Mo,45.6,ms,0.0456
42,74,116Mo,32.0,ms,0.032
42,68,110Mo,287.0,ms,0.28700000000000003
42,69,111Mo,186.0,ms,0.186
42,64,106Mo,8.73,s,8.73
42,65,107Mo,3.5,s,3.5
42,66,108Mo,1.106,s,1.106
42,67,109Mo,700.0,ms,0.7000000000000001
42,60,102Mo,11.3,m,678.0
42,61,103Mo,67.5,s,67.5
42,62,104Mo,59.4,s,59.4
42,63,105Mo,36.3,s,36.3
42,57,99Mo,65.936,h,237369.60000000003
42,58,100Mo,7.07,y,222959520.0
42,59,101Mo,14.61,m,876.5999999999999
42,51,93Mo,4000.0,y,126144000000.0
42,46,88Mo,8.0,m,480.0
42,47,89Mo,2.04,m,122.4
42,48,90Mo,5.56,h,20016.0
42,49,91Mo,15.49,m,929.4
42,42,84Mo,2.3,s,2.3
42,43,85Mo,3.2,s,3.2
42,44,86Mo,19.1,s,19.1
42,45,87Mo,14.1,s,14.1
42,41,83Mo,6.0,ms,0.006
43,58,101Tc,14.123,m,847.38
43,59,102Tc,5.28,s,5.28
43,54,97Tc,4.21,y,132766560.0
43,55,98Tc,4.2,y,132451200.0
43,56,99Tc,2.11,y,66540959.99999999
43,57,100Tc,15.65,s,15.65
43,50,93Tc,2.78,h,10008.0
43,51,94Tc,293.0,m,17580.0
43,52,95Tc,19.258,h,69328.8
43,53,96Tc,4.27,d,368927.99999999994
43,47,90Tc,49.2,s,49.2
43,48,91Tc,3.14,m,188.4
43,49,92Tc,4.23,m,253.8
43,43,86Tc,55.0,ms,0.055
43,44,87Tc,2.1,s,2.1
43,45,88Tc,6.4,s,6.4
43,46,89Tc,12.8,s,12.8
43,42,85Tc,100.0,ns,1.0000000000000001e-07
43,70,113Tc,152.0,ms,0.152
43,71,114Tc,118.0,ms,0.11800000000000001
43,76,119Tc,22.0,ms,0.022
43,77,120Tc,21.0,ms,0.021
43,78,121Tc,22.0,ms,0.022
43,72,115Tc,78.0,ms,0.078
43,73,116Tc,57.0,ms,0.057
43,74,117Tc,44.5,ms,0.0445
43,75,118Tc,30.0,ms,0.03
43,69,112Tc,323.0,ms,0.323
43,60,103Tc,54.2,s,54.2
43,65,108Tc,5.15,s,5.15
43,66,109Tc,0.88,s,0.88
43,67,110Tc,0.911,s,0.911
43,68,111Tc,350.0,ms,0.35000000000000003
43,61,104Tc,18.2,m,1092.0
43,62,105Tc,7.64,m,458.4
43,63,106Tc,35.7,s,35.7
43,64,107Tc,21.2,s,21.2
44,80,124Ru,15.0,ms,0.015
44,70,114Ru,543.0,ms,0.543
44,72,116Ru,203.0,ms,0.203
44,71,115Ru,318.0,ms,0.318
44,78,122Ru,25.0,ms,0.025
44,77,121Ru,30.0,ms,0.03
44,79,123Ru,19.0,ms,0.019
44,74,118Ru,99.0,ms,0.099
44,73,117Ru,152.0,ms,0.152
44,76,120Ru,45.0,ms,0.045
44,75,119Ru,69.2,ms,0.0692
44,61,105Ru,4.44,h,15984.000000000002
44,67,111Ru,2.12,s,2.12
44,66,110Ru,12.04,s,12.04
44,69,113Ru,0.8,s,0.8
44,68,112Ru,1.75,s,1.75
44,63,107Ru,3.73,m,223.8
44,62,106Ru,371.8,d,32123520.0
44,65,109Ru,34.4,s,34.4
44,64,108Ru,4.55,m,273.0
44,59,103Ru,39.247,d,3390940.8
44,50,94Ru,52.1,m,3126.0
44,51,95Ru,1.6073,h,5786.28
44,53,97Ru,2.8376,d,245168.64
44,49,93Ru,59.7,s,59.7
44,48,92Ru,3.65,m,219.0
44,45,89Ru,1.33,s,1.33
44,44,88Ru,1.4,s,1.4
44,47,91Ru,8.0,s,8.0
44,46,90Ru,11.7,s,11.7
45,82,127Rh,20.0,ms,0.02
45,81,126Rh,19.0,ms,0.019
45,80,125Rh,26.5,ms,0.0265
45,71,116Rh,685.0,ms,0.685
45,70,115Rh,0.99,s,0.99
45,73,118Rh,286.0,ms,0.28600000000000003
45,72,117Rh,421.0,ms,0.421
45,79,124Rh,32.0,ms,0.032
45,78,123Rh,42.2,ms,0.0422
45,75,120Rh,133.0,ms,0.133
45,74,119Rh,189.0,ms,0.189
45,77,122Rh,52.3,ms,0.0523
45,76,121Rh,73.0,ms,0.073
45,60,105Rh,35.341,h,127227.6
45,62,107Rh,21.7,m,1302.0
45,61,106Rh,30.07,s,30.07
45,68,113Rh,2.8,s,2.8
45,67,112Rh,3.5,s,3.5
45,69,114Rh,1.82,s,1.82
45,64,109Rh,80.8,s,80.8
45,63,108Rh,17.0,s,17.0
45,66,111Rh,11.0,s,11.0
45,65,110Rh,3.3,s,3.3
45,51,96Rh,9.57,m,574.2
45,50,95Rh,5.02,m,301.2
45,57,102Rh,207.3,d,17910720.0
45,56,101Rh,4.07,y,128351520.00000001
45,59,104Rh,42.3,s,42.3
45,58,103Rh,56.118,m,3367.08
45,53,98Rh,8.74,m,524.4
45,52,97Rh,30.8,m,1848.0
45,55,100Rh,20.5,h,73800.0
45,54,99Rh,16.1,d,1391040.0000000002
45,49,94Rh,70.6,s,70.6
45,46,91Rh,1.47,s,1.47
45,45,90Rh,29.0,ms,0.029
45,48,93Rh,12.2,s,12.2
45,47,92Rh,5.64,s,5.64
45,44,89Rh,120.0,ns,1.2000000000000002e-07
46,83,129Pd,31.0,ms,0.031
46,82,128Pd,36.0,ms,0.036000000000000004
46,81,127Pd,38.0,ms,0.038
46,80,126Pd,48.6,ms,0.048600000000000004
46,72,118Pd,1.9,s,1.9
46,71,117Pd,4.3,s,4.3
46,74,120Pd,492.0,ms,0.492
46,73,119Pd,0.88,s,0.88
46,70,116Pd,11.7,s,11.7
46,79,125Pd,64.2,ms,0.06420000000000001
46,76,122Pd,195.0,ms,0.195
46,75,121Pd,290.0,ms,0.29
46,78,124Pd,94.0,ms,0.094
46,77,123Pd,109.0,ms,0.109
46,61,107Pd,6.5,y,204984000.0
46,63,109Pd,13.437,h,48373.2
46,69,115Pd,25.0,s,25.0
46,68,114Pd,2.42,m,145.2
46,65,111Pd,23.6,m,1416.0
46,67,113Pd,89.0,s,89.0
46,66,112Pd,21.027,h,75697.2
46,50,96Pd,122.0,s,122.0
46,52,98Pd,17.7,m,1062.0
46,51,97Pd,3.1,m,186.0
46,57,103Pd,17.0,d,1468800.0
46,54,100Pd,3.63,d,313632.0
46,53,99Pd,21.4,m,1284.0
46,55,101Pd,8.47,h,30492.000000000004
46,47,93Pd,1.17,s,1.17
46,46,92Pd,1.06,s,1.06
46,49,95Pd,7.4,s,7.4
46,48,94Pd,9.4,s,9.4
46,45,91Pd,32.0,ms,0.032
47,85,132Ag,28.0,ms,0.028
47,83,130Ag,41.0,ms,0.041
47,84,131Ag,35.0,ms,0.035
47,81,128Ag,66.6,ms,0.06659999999999999
47,82,129Ag,52.0,ms,0.052000000000000005
47,80,127Ag,89.1,ms,0.0891
47,74,121Ag,0.781,s,0.781
47,75,122Ag,0.55,s,0.55
47,72,119Ag,6.0,s,6.0
47,73,120Ag,1.52,s,1.52
47,70,117Ag,72.8,s,72.8
47,71,118Ag,3.87,s,3.87
47,78,125Ag,176.0,ms,0.176
47,79,126Ag,52.0,ms,0.052000000000000005
47,76,123Ag,300.0,ms,0.3
47,77,124Ag,182.0,ms,0.182
47,63,110Ag,24.56,s,24.56
47,64,111Ag,7.421,d,641174.4
47,61,108Ag,2.39,m,143.4
47,62,109Ag,39.8,s,39.8
47,60,107Ag,44.2,s,44.2
47,69,116Ag,3.83,m,229.8
47,67,114Ag,4.59,s,4.59
47,68,115Ag,20.0,m,1200.0
47,65,112Ag,3.15,h,11340.0
47,66,113Ag,5.37,h,19332.0
47,52,99Ag,124.0,s,124.0
47,53,100Ag,2.01,m,120.6
47,50,97Ag,25.5,s,25.5
47,51,98Ag,47.5,s,47.5
47,58,105Ag,41.29,d,3567456.0
47,59,106Ag,23.96,m,1437.6000000000001
47,56,103Ag,65.8,m,3948.0
47,57,104Ag,69.3,m,4158.0
47,54,101Ag,11.1,m,666.0
47,55,102Ag,12.9,m,774.0
47,49,96Ag,4.435,s,4.435
47,47,94Ag,27.0,ms,0.027
47,48,95Ag,1.81,s,1.81
47,46,93Ag,228.0,ns,2.28e-07
48,65,113Cd,8.04,y,253549439.99999997
48,63,111Cd,48.5,m,2910.0
48,61,109Cd,461.98,d,39915072.0
48,68,116Cd,2.68,y,84516480.0
48,69,117Cd,2.503,h,9010.800000000001
48,67,115Cd,53.4,h,192240.0
48,53,101Cd,1.36,m,81.60000000000001
48,54,102Cd,5.5,m,330.0
48,51,99Cd,17.0,s,17.0
48,52,100Cd,49.1,s,49.1
48,50,98Cd,9.3,s,9.3
48,59,107Cd,6.52,h,23472.0
48,57,105Cd,55.4,m,3324.0
48,55,103Cd,7.5,m,450.0
48,56,104Cd,57.8,m,3468.0
48,48,96Cd,1.01,s,1.01
48,49,97Cd,1.16,s,1.16
48,47,95Cd,32.0,ms,0.032
48,86,134Cd,65.0,ms,0.065
48,84,132Cd,84.0,ms,0.084
48,85,133Cd,61.0,ms,0.061
48,82,130Cd,129.0,ms,0.129
48,83,131Cd,98.0,ms,0.098
48,80,128Cd,245.9,ms,0.2459
48,81,129Cd,151.0,ms,0.151
48,75,123Cd,2.1,s,2.1
48,76,124Cd,1.25,s,1.25
48,73,121Cd,13.5,s,13.5
48,74,122Cd,5.24,s,5.24
48,71,119Cd,2.69,m,161.4
48,72,120Cd,50.8,s,50.8
48,70,118Cd,50.3,m,3018.0
48,79,127Cd,0.45,s,0.45
48,77,125Cd,680.0,ms,0.68
48,78,126Cd,512.0,ms,0.512
49,88,137In,65.0,ms,0.065
49,87,136In,85.0,ms,0.085
49,86,135In,97.0,ms,0.097
49,85,134In,121.0,ms,0.121
49,84,133In,162.0,ms,0.162
49,83,132In,200.0,ms,0.2
49,82,131In,261.0,ms,0.261
49,81,130In,277.0,ms,0.277
49,80,129In,629.0,ms,0.629
49,77,126In,1.53,s,1.53
49,76,125In,2.36,s,2.36
49,75,124In,3.12,s,3.12
49,74,123In,6.17,s,6.17
49,73,122In,1.5,s,1.5
49,72,121In,23.1,s,23.1
49,71,120In,3.08,s,3.08
49,70,119In,2.4,m,144.0
49,79,128In,0.84,s,0.84
49,78,127In,1.087,s,1.087
49,66,115In,4.41,y,139073760.0
49,65,114In,71.9,s,71.9
49,64,113In,99.48,m,5968.8
49,63,112In,14.88,m,892.8000000000001
49,62,111In,2.8048,d,242334.72000000003
49,61,110In,4.9,h,17640.0
49,60,109In,4.159,h,14972.4
49,69,118In,5.4,s,5.4
49,68,117In,43.2,m,2592.0
49,67,116In,14.1,s,14.1
49,55,104In,1.8,m,108.0
49,54,103In,65.0,s,65.0
49,53,102In,23.3,s,23.3
49,52,101In,15.1,s,15.1
49,51,100In,5.66,s,5.66
49,50,99In,3.11,s,3.11
49,59,108In,58.0,m,3480.0
49,58,107In,32.4,m,1944.0
49,57,106In,6.23,m,373.8
49,56,105In,5.07,m,304.20000000000005
49,49,98In,30.0,ms,0.03
49,48,97In,36.0,ms,0.036000000000000004
50,49,99Sn,24.0,ms,0.024
50,51,101Sn,2.2,s,2.2
50,50,100Sn,1.18,s,1.18
50,53,103Sn,7.0,s,7.0
50,52,102Sn,3.8,s,3.8
50,55,105Sn,32.7,s,32.7
50,54,104Sn,20.9,s,20.9
50,57,107Sn,2.9,m,174.0
50,56,106Sn,1.92,m,115.19999999999999
50,59,109Sn,18.1,m,1086.0
50,58,108Sn,10.5,m,630.0
50,60,110Sn,4.154,h,14954.4
50,61,111Sn,35.3,m,2118.0
50,63,113Sn,115.08,d,9942912.0
50,67,117Sn,13.94,d,1204416.0
50,69,119Sn,293.0,d,25315200.0
50,71,121Sn,27.05,h,97380.0
50,73,123Sn,129.2,d,11162879.999999998
50,75,125Sn,9.634,d,832377.6
50,77,127Sn,2.1,h,7560.0
50,76,126Sn,1.98,y,62441280.0
50,79,129Sn,2.23,m,133.8
50,78,128Sn,59.6,m,3576.0
50,80,130Sn,3.73,m,223.8
50,82,132Sn,39.7,s,39.7
50,81,131Sn,56.0,s,56.0
50,84,134Sn,1.024,s,1.024
50,83,133Sn,1.38,s,1.38
50,86,136Sn,355.0,ms,0.355
50,85,135Sn,515.0,ms,0.515
50,88,138Sn,148.0,ms,0.148
50,87,137Sn,228.0,ms,0.228
50,89,139Sn,120.0,ms,0.12
51,54,105Sb,1.12,s,1.12
51,53,104Sb,0.49,s,0.49
51,56,107Sb,4.0,s,4.0
51,55,106Sb,0.6,s,0.6
51,58,109Sb,17.24,s,17.24
51,57,108Sb,7.4,s,7.4
51,59,110Sb,23.6,s,23.6
51,61,112Sb,53.6,s,53.6
51,60,111Sb,74.9,s,74.9
51,63,114Sb,3.49,m,209.4
51,62,113Sb,6.67,m,400.2
51,65,116Sb,15.8,m,948.0
51,64,115Sb,32.0,m,1920.0
51,67,118Sb,3.6,m,216.0
51,66,117Sb,2.8,h,10080.0
51,69,120Sb,15.89,m,953.4000000000001
51,68,119Sb,38.2,h,137520.0
51,71,122Sb,2.69413,d,232772.832
51,74,125Sb,2.7577,y,86966827.19999999
51,73,124Sb,60.209,d,5202057.600000001
51,76,127Sb,3.84,d,331776.0
51,75,126Sb,12.3,d,1062720.0
51,78,129Sb,4.4,h,15840.000000000002
51,77,128Sb,9.05,h,32580.000000000004
51,79,130Sb,40.5,m,2430.0
51,81,132Sb,2.79,m,167.4
51,80,131Sb,23.03,m,1381.8000000000002
51,83,134Sb,675.0,ms,0.675
51,82,133Sb,2.41,m,144.60000000000002
51,85,136Sb,924.0,ms,0.924
51,84,135Sb,1.668,s,1.668
51,87,138Sb,314.0,ms,0.314
51,86,137Sb,506.0,ms,0.506
51,89,140Sb,171.0,ms,0.171
51,88,139Sb,182.0,ms,0.182
51,90,141Sb,103.0,ms,0.10300000000000001
51,91,142Sb,53.0,ms,0.053
52,54,106Te,69.0,us,6.9e-05
52,55,107Te,3.6,ms,0.0036000000000000003
52,52,104Te,18.0,ns,1.8000000000000002e-08
52,53,105Te,0.63,us,6.3e-07
52,58,110Te,18.6,s,18.6
52,59,111Te,26.2,s,26.2
52,56,108Te,2.1,s,2.1
52,57,109Te,4.4,s,4.4
52,61,113Te,1.8,m,108.0
52,62,114Te,16.4,m,983.9999999999999
52,60,112Te,2.0,m,120.0
52,65,117Te,62.0,m,3720.0
52,66,118Te,6.0,d,518400.0
52,63,115Te,5.9,m,354.0
52,64,116Te,2.49,h,8964.0
52,69,121Te,19.27,d,1664928.0
52,67,119Te,16.05,h,57780.0
52,73,125Te,57.4,d,4959360.0
52,71,123Te,119.3,d,10307520.0
52,76,128Te,2.34,y,73794240.0
52,77,129Te,69.5,m,4170.0
52,75,127Te,9.35,h,33660.0
52,78,130Te,7.9,y,249134400.0
52,79,131Te,25.0,m,1500.0
52,80,132Te,3.204,d,276825.60000000003
52,83,135Te,19.0,s,19.0
52,84,136Te,17.66,s,17.66
52,81,133Te,12.5,m,750.0
52,82,134Te,41.8,m,2508.0
52,87,139Te,0.724,s,0.724
52,88,140Te,351.0,ms,0.35100000000000003
52,85,137Te,2.48,s,2.48
52,86,138Te,1.46,s,1.46
52,89,141Te,193.0,ms,0.193
52,90,142Te,147.0,ms,0.147
52,91,143Te,120.0,ms,0.12
52,92,144Te,93.0,ms,0.093
53,55,108I,26.4,ms,0.0264
53,56,109I,92.7,us,9.27e-05
53,59,112I,3.34,s,3.34
53,57,110I,0.67,s,0.67
53,58,111I,2.5,s,2.5
53,62,115I,1.3,m,78.0
53,63,116I,2.91,s,2.91
53,60,113I,5.9,s,5.9
53,61,114I,2.1,s,2.1
53,66,119I,18.8,m,1128.0
53,67,120I,81.7,m,4902.0
53,64,117I,2.22,m,133.20000000000002
53,65,118I,13.8,m,828.0
53,68,121I,2.12,h,7632.0
53,69,122I,3.63,m,217.79999999999998
53,70,123I,13.2229,h,47602.439999999995
53,73,126I,12.93,d,1117152.0
53,71,124I,4.176,d,360806.4
53,72,125I,59.398,d,5131987.2
53,77,130I,12.36,h,44496.0
53,78,131I,8.0247,d,693334.08
53,75,128I,25.0,m,1500.0
53,76,129I,1.61,y,50772960.0
53,79,132I,2.2839,h,8222.04
53,80,133I,20.8,h,74880.0
53,81,134I,52.6,m,3156.0
53,84,137I,24.13,s,24.13
53,85,138I,6.303,s,6.303
53,82,135I,6.55,h,23580.0
53,83,136I,83.4,s,83.4
53,88,141I,418.0,ms,0.418
53,89,142I,235.0,ms,0.23500000000000001
53,86,139I,2.29,s,2.29
53,87,140I,380.0,ms,0.38
53,91,144I,94.0,ms,0.094
53,92,145I,89.7,ms,0.0897
53,90,143I,182.0,ms,0.182
53,93,146I,94.0,ms,0.094
54,71,125Xe,16.962,h,61063.2
54,75,129Xe,8.88,d,767232.0000000001
54,73,127Xe,36.344,d,3140121.6
54,79,133Xe,5.2474,d,453375.36
54,77,131Xe,11.931,d,1030838.3999999999
54,82,136Xe,2.19,y,69063840.0
54,81,135Xe,9.168,h,33004.799999999996
54,80,134Xe,290.0,ms,0.29
54,86,140Xe,13.6,s,13.6
54,85,139Xe,39.72,s,39.72
54,84,138Xe,14.14,m,848.4000000000001
54,83,137Xe,3.821,m,229.26000000000002
54,89,143Xe,511.0,ms,0.511
54,88,142Xe,1.227,s,1.227
54,87,141Xe,1.72,s,1.72
54,93,147Xe,88.0,ms,0.088
54,92,146Xe,146.0,ms,0.146
54,91,145Xe,188.0,ms,0.188
54,90,144Xe,388.0,ms,0.388
54,94,148Xe,85.0,ms,0.085
54,57,111Xe,0.74,s,0.74
54,56,110Xe,93.0,ms,0.093
54,55,109Xe,13.0,ms,0.013000000000000001
54,54,108Xe,58.0,us,5.8e-05
54,59,113Xe,2.74,s,2.74
54,58,112Xe,2.7,s,2.7
54,60,114Xe,10.0,s,10.0
54,64,118Xe,3.8,m,228.0
54,63,117Xe,61.0,s,61.0
54,62,116Xe,58.0,s,58.0
54,61,115Xe,18.0,s,18.0
54,68,122Xe,20.1,h,72360.0
54,67,121Xe,39.1,m,2346.0
54,66,120Xe,46.0,m,2760.0
54,65,119Xe,5.8,m,348.0
54,69,123Xe,2.05,h,7379.999999999999
55,58,113Cs,16.9,us,1.6899999999999997e-05
55,57,112Cs,488.0,us,0.000488
55,59,114Cs,0.57,s,0.57
55,61,116Cs,0.7,s,0.7
55,60,115Cs,1.03,s,1.03
55,65,120Cs,60.4,s,60.4
55,64,119Cs,29.1,s,29.1
55,63,118Cs,14.0,s,14.0
55,62,117Cs,8.4,s,8.4
55,69,124Cs,30.9,s,30.9
55,68,123Cs,5.91,m,354.6
55,67,122Cs,21.18,s,21.18
55,66,121Cs,155.0,s,155.0
55,72,127Cs,6.25,h,22500.0
55,71,126Cs,1.643,m,98.58
55,70,125Cs,44.35,m,2661.0
55,76,131Cs,9.688,d,837043.2000000001
55,75,130Cs,29.2,m,1752.0
55,74,129Cs,32.13,h,115668.00000000001
55,73,128Cs,3.64,m,218.4
55,79,134Cs,2.0656,y,65140761.599999994
55,77,132Cs,6.48,d,559872.0
55,83,138Cs,32.48,m,1948.7999999999997
55,82,137Cs,30.007,y,946300752.0
55,81,136Cs,13.01,d,1124064.0
55,80,135Cs,1.33,y,41942880.0
55,87,142Cs,1.687,s,1.687
55,86,141Cs,24.86,s,24.86
55,85,140Cs,64.0,s,64.0
55,84,139Cs,9.25,m,555.0
55,89,144Cs,0.993,s,0.993
55,88,143Cs,1.795,s,1.795
55,90,145Cs,588.0,ms,0.588
55,94,149Cs,112.0,ms,0.112
55,93,148Cs,151.0,ms,0.151
55,92,147Cs,232.0,ms,0.232
55,91,146Cs,322.0,ms,0.322
55,96,151Cs,59.0,ms,0.059000000000000004
55,95,150Cs,80.8,ms,0.0808
56,92,148Ba,619.0,ms,0.619
56,93,149Ba,352.0,ms,0.352
56,94,150Ba,258.0,ms,0.258
56,95,151Ba,167.0,ms,0.167
56,90,146Ba,2.16,s,2.16
56,91,147Ba,894.0,ms,0.894
56,96,152Ba,140.0,ms,0.14
56,97,153Ba,113.0,ms,0.113
56,98,154Ba,53.0,ms,0.053
56,58,114Ba,0.41,s,0.41
56,59,115Ba,0.45,s,0.45
56,60,116Ba,1.3,s,1.3
56,61,117Ba,1.75,s,1.75
56,62,118Ba,5.2,s,5.2
56,67,123Ba,2.4,m,144.0
56,68,124Ba,10.8,m,648.0
56,69,125Ba,3.3,m,198.0
56,63,119Ba,5.4,s,5.4
56,64,120Ba,24.0,s,24.0
56,65,121Ba,29.7,s,29.7
56,66,122Ba,1.95,m,117.0
56,70,126Ba,98.6,m,5916.0
56,71,127Ba,12.8,m,768.0
56,72,128Ba,2.43,d,209952.0
56,73,129Ba,2.23,h,8028.0
56,79,135Ba,28.12,h,101232.0
56,75,131Ba,11.52,d,995328.0
56,77,133Ba,10.536,y,332263296.0
56,81,137Ba,2.5518,m,153.108
56,83,139Ba,82.89,m,4973.4
56,84,140Ba,12.7526,d,1101824.64
56,80,136Ba,302.2,ms,0.30219999999999997
56,89,145Ba,3.99,s,3.99
56,85,141Ba,18.24,m,1094.3999999999999
56,86,142Ba,10.51,m,630.6
56,87,143Ba,14.38,s,14.38
56,88,144Ba,11.7,s,11.7
57,60,117La,21.7,ms,0.0217
57,63,120La,2.8,s,2.8
57,68,125La,64.8,s,64.8
57,69,126La,54.0,s,54.0
57,64,121La,5.3,s,5.3
57,65,122La,8.7,s,8.7
57,66,123La,16.3,s,16.3
57,67,124La,21.0,s,21.0
57,71,128La,5.1,m,306.0
57,72,129La,11.6,m,696.0
57,73,130La,8.7,m,522.0
57,74,131La,59.0,m,3540.0
57,70,127La,5.1,m,306.0
57,79,136La,9.87,m,592.1999999999999
57,75,132La,4.58,h,16488.0
57,76,133La,3.89,h,14004.0
57,77,134La,6.45,m,387.0
57,78,135La,18.95,h,68220.0
57,83,140La,40.284,h,145022.4
57,84,141La,3.93,h,14148.0
57,85,142La,91.8,m,5508.0
57,80,137La,6.0,y,189216000.0
57,81,138La,1.03,y,32482080.0
57,86,143La,14.09,m,845.4
57,87,144La,40.8,s,40.8
57,88,145La,24.8,s,24.8
57,89,146La,6.1,s,6.1
57,93,150La,0.51,s,0.51
57,94,151La,0.457,s,0.457
57,95,152La,298.0,ms,0.298
57,96,153La,244.0,ms,0.244
57,90,147La,4.024,s,4.024
57,91,148La,1.411,s,1.411
57,92,149La,1.085,s,1.085
57,97,154La,163.0,ms,0.163
57,98,155La,100.0,ms,0.1
57,99,156La,84.0,ms,0.084
58,100,158Ce,99.0,ms,0.099
58,63,121Ce,1.1,s,1.1
58,69,127Ce,34.0,s,34.0
58,65,123Ce,3.8,s,3.8
58,66,124Ce,9.1,s,9.1
58,67,125Ce,9.7,s,9.7
58,68,126Ce,51.0,s,51.0
58,72,130Ce,22.9,m,1374.0
58,73,131Ce,10.3,m,618.0
58,74,132Ce,3.51,h,12636.0
58,75,133Ce,97.0,m,5820.0
58,70,128Ce,4.0,m,240.0
58,71,129Ce,3.5,m,210.0
58,76,134Ce,3.22,d,278208.0
58,77,135Ce,17.7,h,63720.0
58,79,137Ce,9.11,h,32796.0
58,83,141Ce,32.504,d,2808345.5999999996
58,85,143Ce,33.037,h,118933.2
58,86,144Ce,284.886,d,24614150.400000002
58,80,138Ce,8.73,ms,0.00873
58,81,139Ce,137.64,d,11892095.999999998
58,87,145Ce,3.02,m,181.2
58,88,146Ce,13.22,m,793.2
58,89,147Ce,56.4,s,56.4
58,94,152Ce,1.42,s,1.42
58,95,153Ce,865.0,ms,0.865
58,96,154Ce,722.0,ms,0.722
58,97,155Ce,313.0,ms,0.313
58,90,148Ce,56.8,s,56.8
58,91,149Ce,5.2,s,5.2
58,92,150Ce,6.05,s,6.05
58,93,151Ce,1.74,s,1.74
58,98,156Ce,233.0,ms,0.233
58,99,157Ce,175.0,ms,0.17500000000000002
59,100,159Pr,134.0,ms,0.134
59,101,160Pr,170.0,ms,0.17
59,85,144Pr,17.28,m,1036.8000000000002
59,84,143Pr,13.57,d,1172448.0
59,87,146Pr,24.09,m,1445.4
59,86,145Pr,5.982,h,21535.2
59,81,140Pr,3.39,m,203.4
59,80,139Pr,4.41,h,15876.0
59,83,142Pr,19.12,h,68832.0
59,89,148Pr,2.29,m,137.4
59,88,147Pr,13.35,m,801.0
59,90,149Pr,2.26,m,135.6
59,96,155Pr,1.47,s,1.47
59,95,154Pr,2.3,s,2.3
59,98,157Pr,295.0,ms,0.295
59,97,156Pr,444.0,ms,0.444
59,92,151Pr,18.9,s,18.9
59,91,150Pr,6.19,s,6.19
59,94,153Pr,4.29,s,4.29
59,93,152Pr,3.57,s,3.57
59,99,158Pr,181.0,ms,0.181
59,62,121Pr,10.0,ms,0.01
59,65,124Pr,1.2,s,1.2
59,67,126Pr,3.12,s,3.12
59,66,125Pr,3.3,s,3.3
59,69,128Pr,2.8,s,2.8
59,68,127Pr,4.2,s,4.2
59,74,133Pr,6.5,m,390.0
59,73,132Pr,1.6,m,96.0
59,76,135Pr,25.4,m,1524.0
59,75,134Pr,17.0,m,1020.0
59,70,129Pr,31.0,s,31.0
59,72,131Pr,1.49,m,89.4
59,71,130Pr,40.0,s,40.0
59,78,137Pr,1.28,h,4608.0
59,77,136Pr,13.1,m,786.0
59,79,138Pr,1.45,m,87.0
60,101,161Nd,215.0,ms,0.215
60,102,162Nd,310.0,ms,0.31
60,100,160Nd,439.0,ms,0.439
60,74,134Nd,8.5,m,510.0
60,73,133Nd,70.0,s,70.0
60,72,132Nd,94.0,s,94.0
60,71,131Nd,25.4,s,25.4
60,70,130Nd,21.0,s,21.0
60,79,139Nd,29.7,m,1782.0
60,78,138Nd,5.11,h,18396.0
60,77,137Nd,38.5,m,2310.0
60,76,136Nd,50.65,m,3039.0
60,75,135Nd,12.4,m,744.0
60,84,144Nd,2.29,y,72217440.0
60,81,141Nd,2.49,h,8964.0
60,80,140Nd,3.37,d,291168.0
60,89,149Nd,1.728,h,6220.8
60,87,147Nd,11.12,d,960767.9999999999
60,96,156Nd,5.27,s,5.27
60,95,155Nd,8.9,s,8.9
60,94,154Nd,25.9,s,25.9
60,93,153Nd,31.6,s,31.6
60,92,152Nd,11.4,m,684.0
60,91,151Nd,12.44,m,746.4
60,90,150Nd,9.3,y,293284800.0
60,99,159Nd,485.0,ms,0.485
60,98,158Nd,820.0,ms,0.8200000000000001
60,97,157Nd,1.16,s,1.16
60,69,129Nd,6.7,s,6.7
60,67,127Nd,1.8,s,1.8
60,65,125Nd,0.65,s,0.65
61,69,130Pm,2.6,s,2.6
61,68,129Pm,2.4,s,2.4
61,67,128Pm,1.0,s,1.0
61,75,136Pm,107.0,s,107.0
61,74,135Pm,49.0,s,49.0
61,73,134Pm,5.0,s,5.0
61,72,133Pm,14.0,s,14.0
61,71,132Pm,6.9,s,6.9
61,70,131Pm,6.3,s,6.3
61,79,140Pm,9.2,s,9.2
61,78,139Pm,4.14,m,248.39999999999998
61,77,138Pm,3.25,m,195.0
61,86,147Pm,2.62344,y,82732803.84
61,85,146Pm,5.53,y,174394080.0
61,84,145Pm,17.7,y,558187200.0
61,83,144Pm,363.0,d,31363200.0
61,82,143Pm,265.0,d,22896000.0
61,81,142Pm,40.5,s,40.5
61,80,141Pm,20.9,m,1254.0
61,89,150Pm,2.698,h,9712.8
61,88,149Pm,53.08,h,191088.0
61,87,148Pm,5.368,d,463795.2
61,97,158Pm,4.8,s,4.8
61,96,157Pm,10.56,s,10.56
61,95,156Pm,27.8,s,27.8
61,94,155Pm,41.5,s,41.5
61,93,154Pm,2.68,m,160.8
61,92,153Pm,5.25,m,315.0
61,91,152Pm,4.1,m,245.99999999999997
61,90,151Pm,28.4,h,102240.0
61,99,160Pm,0.725,s,0.725
61,98,159Pm,1.634,s,1.634
61,104,165Pm,0.297,s,0.297
61,100,161Pm,730.0,ms,0.73
61,101,162Pm,474.0,ms,0.47400000000000003
61,102,163Pm,363.0,ms,0.363
61,103,164Pm,280.0,ms,0.28
62,67,129Sm,0.55,s,0.55
62,69,131Sm,1.2,s,1.2
62,77,139Sm,2.57,m,154.2
62,78,140Sm,14.78,m,886.8
62,79,141Sm,10.4,m,624.0
62,70,132Sm,4.0,s,4.0
62,71,133Sm,2.9,s,2.9
62,72,134Sm,9.5,s,9.5
62,73,135Sm,10.3,s,10.3
62,74,136Sm,45.0,s,45.0
62,75,137Sm,45.0,s,45.0
62,76,138Sm,3.1,m,186.0
62,89,151Sm,94.6,y,2983305600.0
62,80,142Sm,72.48,m,4348.8
62,81,143Sm,8.83,m,529.8
62,83,145Sm,340.0,d,29376000.0
62,84,146Sm,6.8,y,214444800.0
62,85,147Sm,1.07,y,33743520.0
62,86,148Sm,6.84,y,215706240.0
62,102,164Sm,1.42,s,1.42
62,101,163Sm,1.67,s,1.67
62,100,162Sm,3.09,s,3.09
62,106,168Sm,0.353,s,0.353
62,105,167Sm,334.0,ms,0.334
62,104,166Sm,399.0,ms,0.399
62,103,165Sm,614.0,ms,0.614
62,99,161Sm,4.63,s,4.63
62,91,153Sm,46.283,h,166618.80000000002
62,93,155Sm,22.182,m,1330.9199999999998
62,94,156Sm,9.4,h,33840.0
62,95,157Sm,8.04,m,482.4
62,96,158Sm,5.32,m,319.20000000000005
62,97,159Sm,11.37,s,11.37
62,98,160Sm,9.6,s,9.6
63,107,170Eu,197.0,ms,0.197
63,106,169Eu,389.0,ms,0.389
63,101,164Eu,4.08,s,4.08
63,100,163Eu,7.7,s,7.7
63,103,166Eu,1.29,s,1.29
63,102,165Eu,2.25,s,2.25
63,105,168Eu,440.0,ms,0.44
63,104,167Eu,862.0,ms,0.862
63,67,130Eu,0.9,ms,0.0009000000000000001
63,68,131Eu,17.8,ms,0.0178
63,78,141Eu,40.7,s,40.7
63,79,142Eu,2.36,s,2.36
63,71,134Eu,0.5,s,0.5
63,72,135Eu,1.5,s,1.5
63,73,136Eu,3.3,s,3.3
63,74,137Eu,11.0,s,11.0
63,75,138Eu,12.1,s,12.1
63,76,139Eu,17.9,s,17.9
63,77,140Eu,1.51,s,1.51
63,89,152Eu,13.517,y,426272112.0
63,80,143Eu,2.6,m,156.0
63,81,144Eu,10.2,s,10.2
63,82,145Eu,5.93,d,512352.0
63,83,146Eu,4.61,d,398304.0
63,84,147Eu,24.1,d,2082240.0000000002
63,85,148Eu,54.4,d,4700160.0
63,86,149Eu,93.1,d,8043839.999999999
63,87,150Eu,36.6,y,1154217600.0
63,88,151Eu,4.6,y,145065600.0
63,91,154Eu,8.591,y,270925776.0
63,92,155Eu,4.742,y,149543712.0
63,93,156Eu,15.16,d,1309824.0
63,94,157Eu,15.18,h,54648.0
63,95,158Eu,45.9,m,2754.0
63,96,159Eu,18.1,m,1086.0
63,97,160Eu,42.6,s,42.6
63,98,161Eu,26.0,s,26.0
63,99,162Eu,11.7,s,11.7
64,79,143Gd,39.0,s,39.0
64,71,135Gd,1.1,s,1.1
64,74,138Gd,4.7,s,4.7
64,73,137Gd,2.2,s,2.2
64,76,140Gd,15.8,s,15.8
64,75,139Gd,5.6,s,5.6
64,78,142Gd,70.2,s,70.2
64,77,141Gd,17.0,s,17.0
64,81,145Gd,23.2,m,1392.0
64,80,144Gd,4.48,m,268.8
64,83,147Gd,38.06,h,137016.0
64,82,146Gd,48.27,d,4170528.0000000005
64,85,149Gd,9.28,d,801792.0
64,84,148Gd,86.9,y,2740478400.0
64,87,151Gd,124.5,d,10756800.0
64,86,150Gd,1.79,y,56449440.0
64,89,153Gd,240.41,d,20771424.0
64,88,152Gd,1.08,y,34058880.0
64,95,159Gd,18.479,h,66524.4
64,98,162Gd,8.39,m,503.40000000000003
64,97,161Gd,3.66,m,219.60000000000002
64,99,163Gd,68.0,s,68.0
64,104,168Gd,3.02,s,3.02
64,103,167Gd,4.26,s,4.26
64,102,166Gd,5.0,s,5.0
64,101,165Gd,11.6,s,11.6
64,100,164Gd,45.0,s,45.0
64,108,172Gd,0.163,s,0.163
64,107,171Gd,0.392,s,0.392
64,106,170Gd,0.616,s,0.616
64,105,169Gd,0.892,s,0.892
65,101,166Tb,27.1,s,27.1
65,100,165Tb,2.11,m,126.6
65,103,168Tb,9.4,s,9.4
65,102,167Tb,18.9,s,18.9
65,105,170Tb,0.96,s,0.96
65,104,169Tb,5.13,s,5.13
65,107,172Tb,0.76,s,0.76
65,106,171Tb,1.24,s,1.24
65,80,145Tb,30.9,s,30.9
65,82,147Tb,1.64,h,5904.0
65,81,146Tb,8.0,s,8.0
65,84,149Tb,4.12,h,14832.0
65,83,148Tb,60.0,m,3600.0
65,86,151Tb,17.609,h,63392.40000000001
65,85,150Tb,3.48,h,12528.0
65,88,153Tb,2.34,d,202176.0
65,87,152Tb,17.48,h,62928.0
65,89,154Tb,21.5,h,77400.0
65,91,156Tb,5.35,d,462239.99999999994
65,90,155Tb,5.32,d,459648.0
65,93,158Tb,180.0,y,5676480000.0
65,92,157Tb,71.0,y,2239056000.0
65,95,160Tb,72.3,d,6246720.0
65,97,162Tb,7.6,m,456.0
65,96,161Tb,6.9584,d,601205.76
65,99,164Tb,3.0,m,180.0
65,98,163Tb,19.5,m,1170.0
65,70,135Tb,0.94,ms,0.00094
65,75,140Tb,2.3,s,2.3
65,74,139Tb,1.6,s,1.6
65,77,142Tb,597.0,ms,0.597
65,76,141Tb,3.5,s,3.5
65,79,144Tb,1.0,s,1.0
65,78,143Tb,12.0,s,12.0
66,75,141Dy,1.0,s,1.0
66,76,142Dy,2.3,s,2.3
66,73,139Dy,0.6,s,0.6
66,79,145Dy,9.5,s,9.5
66,77,143Dy,4.3,s,4.3
66,78,144Dy,9.1,s,9.1
66,82,148Dy,3.2,m,192.0
66,83,149Dy,4.2,m,252.0
66,80,146Dy,33.2,s,33.2
66,81,147Dy,67.0,s,67.0
66,86,152Dy,2.38,h,8568.0
66,87,153Dy,6.42,h,23112.0
66,84,150Dy,7.17,m,430.2
66,85,151Dy,18.0,m,1080.0
66,88,154Dy,2.75,y,86724000.0
66,89,155Dy,9.92,h,35712.0
66,93,159Dy,145.3,d,12553920.000000002
66,91,157Dy,8.14,h,29304.000000000004
66,99,165Dy,2.331,h,8391.6
66,102,168Dy,8.7,m,522.0
66,101,167Dy,6.2,m,372.0
66,100,166Dy,81.63,h,293868.0
66,106,172Dy,3.52,s,3.52
66,105,171Dy,4.1,s,4.1
66,104,170Dy,55.0,s,55.0
66,103,169Dy,39.0,s,39.0
66,107,173Dy,1.43,s,1.43
67,73,140Ho,6.0,ms,0.006
67,77,144Ho,0.7,s,0.7
67,74,141Ho,4.1,ms,0.0040999999999999995
67,75,142Ho,0.4,s,0.4
67,78,145Ho,2.4,s,2.4
67,79,146Ho,3.3,s,3.3
67,80,147Ho,5.8,s,5.8
67,83,150Ho,77.0,s,77.0
67,84,151Ho,35.2,s,35.2
67,81,148Ho,2.2,s,2.2
67,82,149Ho,21.0,s,21.0
67,87,154Ho,11.76,m,705.6
67,88,155Ho,48.0,m,2880.0
67,85,152Ho,147.0,s,147.0
67,86,153Ho,2.01,m,120.6
67,89,156Ho,56.0,m,3360.0
67,90,157Ho,12.7,m,762.0
67,91,158Ho,11.3,m,678.0
67,94,161Ho,2.48,h,8928.0
67,95,162Ho,15.0,m,900.0
67,92,159Ho,33.05,m,1982.9999999999998
67,93,160Ho,25.6,m,1536.0
67,99,166Ho,26.808,h,96508.8
67,96,163Ho,4570.0,y,144119520000.0
67,97,164Ho,28.8,m,1728.0
67,101,168Ho,2.99,m,179.4
67,100,167Ho,2.9675,h,10683.0
67,103,170Ho,2.76,m,165.6
67,102,169Ho,4.7,m,282.0
67,105,172Ho,25.0,s,25.0
67,104,171Ho,53.0,s,53.0
67,107,174Ho,3.5,s,3.5
67,106,173Ho,7.1,s,7.1
67,108,175Ho,1.9,s,1.9
68,107,175Er,1.2,m,72.0
68,106,174Er,3.2,m,192.0
68,105,173Er,1.4,m,84.0
68,104,172Er,49.3,h,177480.0
68,103,171Er,7.516,h,27057.6
68,101,169Er,9.39,d,811296.0
68,78,146Er,1.7,s,1.7
68,77,145Er,0.9,s,0.9
68,79,147Er,3.2,s,3.2
68,81,149Er,4.0,s,4.0
68,80,148Er,4.6,s,4.6
68,85,153Er,37.1,s,37.1
68,84,152Er,10.2,s,10.2
68,83,151Er,23.5,s,23.5
68,82,150Er,18.7,s,18.7
68,89,157Er,18.65,m,1119.0
68,88,156Er,19.5,m,1170.0
68,87,155Er,5.3,m,318.0
68,86,154Er,3.73,m,223.8
68,92,160Er,28.58,h,102888.0
68,91,159Er,36.0,m,2160.0
68,90,158Er,2.26,h,8135.999999999999
68,95,163Er,75.0,m,4500.0
68,93,161Er,3.21,h,11556.0
68,99,167Er,2.269,s,2.269
68,97,165Er,10.36,h,37296.0
69,75,144Tm,1.9,us,1.8999999999999998e-06
69,79,148Tm,0.7,s,0.7
69,78,147Tm,0.58,s,0.58
69,77,146Tm,155.0,ms,0.155
69,76,145Tm,3.16,us,3.16e-06
69,82,151Tm,4.17,s,4.17
69,81,150Tm,2.2,s,2.2
69,80,149Tm,0.9,s,0.9
69,86,155Tm,21.6,s,21.6
69,85,154Tm,8.1,s,8.1
69,84,153Tm,1.48,s,1.48
69,83,152Tm,5.2,s,5.2
69,89,158Tm,3.98,m,238.8
69,88,157Tm,3.63,m,217.79999999999998
69,87,156Tm,83.0,s,83.0
69,93,162Tm,21.8,m,1308.0
69,92,161Tm,30.2,m,1812.0
69,91,160Tm,9.4,m,564.0
69,90,159Tm,9.13,m,547.8000000000001
69,97,166Tm,7.7,h,27720.0
69,96,165Tm,30.06,h,108216.0
69,95,164Tm,1.95,m,117.0
69,94,163Tm,1.81,h,6516.0
69,99,168Tm,93.1,d,8043839.999999999
69,98,167Tm,9.28,d,801792.0
69,108,177Tm,95.0,s,95.0
69,105,174Tm,5.4,m,324.0
69,104,173Tm,8.24,h,29664.0
69,107,176Tm,1.853,m,111.17999999999999
69,106,175Tm,15.2,m,912.0
69,101,170Tm,128.4,d,11093760.0
69,103,172Tm,63.6,h,228960.0
69,102,171Tm,701.5,d,60609600.0
70,79,149Yb,0.7,s,0.7
70,89,159Yb,1.73,m,103.8
70,86,156Yb,25.0,s,25.0
70,85,155Yb,1.79,s,1.79
70,88,158Yb,1.49,m,89.4
70,87,157Yb,38.6,s,38.6
70,82,152Yb,3.1,s,3.1
70,81,151Yb,1.6,s,1.6
70,84,154Yb,409.0,ms,0.40900000000000003
70,83,153Yb,4.2,s,4.2
70,97,167Yb,17.5,m,1050.0
70,96,166Yb,56.7,h,204120.0
70,99,169Yb,32.015,d,2766096.0
70,93,163Yb,11.05,m,663.0
70,92,162Yb,18.89,m,1133.4
70,95,165Yb,9.8,m,588.0
70,94,164Yb,75.8,m,4548.0
70,91,161Yb,4.2,m,252.0
70,90,160Yb,4.8,m,288.0
70,110,180Yb,2.4,m,144.0
70,105,175Yb,4.1615,d,359553.60000000003
70,109,179Yb,8.0,m,480.0
70,108,178Yb,74.0,m,4440.0
70,107,177Yb,1.911,h,6879.6
70,106,176Yb,11.4,s,11.4
71,102,173Lu,1.37,y,43204320.0
71,101,172Lu,6.702,d,579052.8
71,103,174Lu,3.31,y,104384160.0
71,106,177Lu,6.6472,d,574318.08
71,105,176Lu,3.71,y,116998560.0
71,108,179Lu,4.59,h,16524.0
71,107,178Lu,28.4,m,1704.0
71,109,180Lu,5.6,m,336.0
71,111,182Lu,2.0,m,120.0
71,110,181Lu,3.5,m,210.0
71,100,171Lu,8.25,d,712800.0
71,113,184Lu,19.0,s,19.0
71,112,183Lu,58.0,s,58.0
71,87,158Lu,10.6,s,10.6
71,86,157Lu,7.6,s,7.6
71,89,160Lu,36.1,s,36.1
71,88,159Lu,12.1,s,12.1
71,82,153Lu,0.9,s,0.9
71,85,156Lu,494.0,ms,0.494
71,84,155Lu,67.0,ms,0.067
71,81,152Lu,650.0,ms,0.65
71,80,151Lu,79.0,ms,0.079
71,98,169Lu,34.06,h,122616.00000000001
71,97,168Lu,5.5,m,330.0
71,99,170Lu,2.01,d,173663.99999999997
71,94,165Lu,10.74,m,644.4
71,93,164Lu,3.15,m,189.0
71,96,167Lu,52.0,m,3120.0
71,95,166Lu,2.65,m,159.0
71,90,161Lu,77.0,s,77.0
71,92,163Lu,4.01,m,240.6
71,91,162Lu,1.37,m,82.2
71,79,150Lu,45.0,ms,0.045
72,89,161Hf,18.4,s,18.4
72,87,159Hf,5.2,s,5.2
72,88,160Hf,13.6,s,13.6
72,85,157Hf,115.0,ms,0.115
72,86,158Hf,2.9,s,2.9
72,83,155Hf,840.0,ms,0.84
72,84,156Hf,23.0,ms,0.023
72,81,153Hf,60.0,ns,6.000000000000001e-08
72,82,154Hf,2.0,s,2.0
72,98,170Hf,16.01,h,57636.00000000001
72,99,171Hf,12.1,h,43560.0
72,96,168Hf,25.95,m,1557.0
72,97,169Hf,3.25,m,195.0
72,94,166Hf,6.77,m,406.2
72,95,167Hf,2.05,m,122.99999999999999
72,92,164Hf,111.0,s,111.0
72,93,165Hf,76.0,s,76.0
72,90,162Hf,38.7,s,38.7
72,91,163Hf,40.0,s,40.0
72,109,181Hf,42.39,d,3662496.0
72,108,180Hf,5.528,h,19900.8
72,107,179Hf,18.67,s,18.67
72,106,178Hf,4.3,s,4.3
72,105,177Hf,1.09,s,1.09
72,103,175Hf,70.67,d,6105888.0
72,102,174Hf,7.0,y,220752000.0
72,101,173Hf,23.6,h,84960.0
72,100,172Hf,1.87,y,58972320.0
72,110,182Hf,8.9,y,280670400.0
72,114,186Hf,2.6,m,156.0
72,113,185Hf,3.5,m,210.0
72,112,184Hf,4.12,h,14832.0
72,111,183Hf,1.019,h,3668.3999999999996
73,89,162Ta,3.56,s,3.56
73,86,159Ta,1.04,s,1.04
73,87,160Ta,1.55,s,1.55
73,84,157Ta,10.2,ms,0.010199999999999999
73,85,158Ta,49.0,ms,0.049
73,82,155Ta,2.9,ms,0.0029
73,83,156Ta,106.0,ms,0.106
73,99,172Ta,36.8,m,2208.0
73,97,170Ta,6.76,m,405.59999999999997
73,98,171Ta,23.3,m,1398.0
73,95,168Ta,2.0,m,120.0
73,96,169Ta,4.9,m,294.0
73,93,166Ta,34.4,s,34.4
73,94,167Ta,80.0,s,80.0
73,91,164Ta,14.2,s,14.2
73,92,165Ta,31.0,s,31.0
73,90,163Ta,10.7,s,10.7
73,107,180Ta,8.154,h,29354.4
73,109,182Ta,114.804,d,9919065.6
73,104,177Ta,56.56,h,203616.0
73,103,176Ta,8.08,h,29088.0
73,106,179Ta,1.815,y,57237840.0
73,105,178Ta,2.41,h,8676.0
73,100,173Ta,3.14,h,11304.0
73,102,175Ta,10.5,h,37800.0
73,101,174Ta,1.08,h,3888.0000000000005
73,119,192Ta,2.2,s,2.2
73,115,188Ta,19.6,s,19.6
73,114,187Ta,283.0,s,283.0
73,117,190Ta,5.3,s,5.3
73,111,184Ta,8.7,h,31319.999999999996
73,110,183Ta,5.1,d,440639.99999999994
73,113,186Ta,10.5,m,630.0
73,112,185Ta,49.5,m,2970.0
74,113,187W,23.8,h,85680.0
74,114,188W,69.77,d,6028128.0
74,115,189W,11.6,m,696.0
74,116,190W,30.0,m,1800.0
74,111,185W,74.9,d,6471360.000000001
74,106,180W,1.59,y,50142240.0
74,107,181W,120.96,d,10450944.0
74,109,183W,5.36,s,5.36
74,102,176W,2.5,h,9000.0
74,103,177W,132.0,m,7920.0
74,104,178W,21.6,d,1866240.0000000002
74,105,179W,37.05,m,2223.0
74,100,174W,34.3,m,2058.0
74,101,175W,35.2,m,2112.0
74,89,163W,2.7,s,2.7
74,88,162W,0.99,s,0.99
74,87,161W,409.0,ms,0.40900000000000003
74,86,160W,91.0,ms,0.091
74,85,159W,8.5,ms,0.0085
74,84,158W,1.4,ms,0.0014
74,83,157W,275.0,ms,0.275
74,99,173W,7.29,m,437.4
74,98,172W,6.6,m,396.0
74,97,171W,2.39,m,143.4
74,96,170W,2.42,m,145.2
74,95,169W,70.0,s,70.0
74,94,168W,50.9,s,50.9
74,93,167W,19.9,s,19.9
74,92,166W,19.2,s,19.2
74,91,165W,5.1,s,5.1
74,90,164W,6.34,s,6.34
75,119,194Re,5.0,s,5.0
75,116,191Re,9.8,m,588.0
75,117,192Re,15.2,s,15.2
75,111,186Re,3.7185,d,321278.4
75,114,189Re,24.2,h,87120.0
75,115,190Re,3.0,m,180.0
75,112,187Re,4.12,y,129928320.0
75,113,188Re,17.004,h,61214.4
75,121,196Re,3.0,s,3.0
75,120,195Re,6.0,s,6.0
75,107,182Re,64.2,h,231120.0
75,108,183Re,70.0,d,6048000.0
75,105,180Re,2.46,m,147.6
75,106,181Re,19.95,h,71820.0
75,109,184Re,35.43,d,3061152.0
75,100,175Re,5.89,m,353.4
75,103,178Re,13.2,m,792.0
75,104,179Re,19.5,m,1170.0
75,101,176Re,5.3,m,318.0
75,102,177Re,14.0,m,840.0
75,89,164Re,0.72,s,0.72
75,88,163Re,390.0,ms,0.39
75,87,162Re,107.0,ms,0.107
75,86,161Re,0.44,ms,0.00044
75,85,160Re,0.612,ms,0.000612
75,99,174Re,2.38,m,142.79999999999998
75,98,173Re,1.98,m,118.8
75,97,172Re,15.0,s,15.0
75,96,171Re,15.2,s,15.2
75,95,170Re,9.2,s,9.2
75,94,169Re,8.1,s,8.1
75,93,168Re,4.4,s,4.4
75,92,167Re,5.9,s,5.9
75,91,166Re,2.25,s,2.25
75,90,165Re,1.6,s,1.6
76,90,166Os,212.0,ms,0.212
76,91,167Os,839.0,ms,0.839
76,92,168Os,2.1,s,2.1
76,93,169Os,3.4,s,3.4
76,94,170Os,7.4,s,7.4
76,95,171Os,8.3,s,8.3
76,96,172Os,19.2,s,19.2
76,97,173Os,22.4,s,22.4
76,98,174Os,44.0,s,44.0
76,99,175Os,1.4,m,84.0
76,85,161Os,0.64,ms,0.00064
76,86,162Os,2.1,ms,0.0021000000000000003
76,87,163Os,5.8,ms,0.0058
76,88,164Os,21.0,ms,0.021
76,89,165Os,71.0,ms,0.07100000000000001
76,120,196Os,34.9,m,2094.0
76,121,197Os,93.0,s,93.0
76,122,198Os,125.0,s,125.0
76,123,199Os,5.0,s,5.0
76,124,200Os,6.0,s,6.0
76,115,191Os,15.0,d,1296000.0
76,116,192Os,6.1,s,6.1
76,117,193Os,29.83,h,107388.0
76,118,194Os,6.0,y,189216000.0
76,119,195Os,6.4,m,384.0
76,110,186Os,2.0,y,63072000.0
76,113,189Os,5.81,h,20916.0
76,114,190Os,9.86,m,591.5999999999999
76,104,180Os,21.5,m,1290.0
76,105,181Os,106.0,m,6360.0
76,106,182Os,22.04,h,79344.0
76,107,183Os,13.0,h,46800.0
76,108,184Os,1.12,y,35320320.0
76,109,185Os,92.95,d,8030880.0
76,100,176Os,3.6,m,216.0
76,101,177Os,3.0,m,180.0
76,102,178Os,5.0,m,300.0
76,103,179Os,6.3,m,378.0
77,123,200Ir,43.0,s,43.0
77,124,201Ir,21.0,s,21.0
77,121,198Ir,9.1,s,9.1
77,122,199Ir,6.0,s,6.0
77,120,197Ir,5.8,m,348.0
77,125,202Ir,11.0,s,11.0
77,112,189Ir,13.2,d,1140480.0
77,113,190Ir,11.78,d,1017792.0
77,110,187Ir,10.5,h,37800.0
77,111,188Ir,41.5,h,149400.0
77,118,195Ir,2.29,h,8244.0
77,119,196Ir,51.9,s,51.9
77,116,193Ir,10.54,d,910655.9999999999
77,117,194Ir,19.2,h,69120.0
77,114,191Ir,4.89,s,4.89
77,115,192Ir,73.826,d,6378566.399999999
77,101,178Ir,12.0,s,12.0
77,102,179Ir,79.0,s,79.0
77,100,177Ir,30.0,s,30.0
77,109,186Ir,16.64,h,59904.0
77,107,184Ir,3.09,h,11124.0
77,108,185Ir,14.4,h,51840.0
77,105,182Ir,15.0,m,900.0
77,106,183Ir,58.0,m,3480.0
77,103,180Ir,1.5,m,90.0
77,104,181Ir,4.9,m,294.0
77,90,167Ir,30.0,ms,0.03
77,91,168Ir,222.0,ms,0.222
77,92,169Ir,353.0,ms,0.353
77,93,170Ir,0.87,s,0.87
77,94,171Ir,3.2,s,3.2
77,95,172Ir,4.4,s,4.4
77,96,173Ir,9.0,s,9.0
77,97,174Ir,7.9,s,7.9
77,98,175Ir,8.9,s,8.9
77,99,176Ir,8.9,s,8.9
77,88,165Ir,1.0,us,1e-06
77,89,166Ir,11.7,ms,0.0117
78,100,178Pt,21.0,s,21.0
78,101,179Pt,21.2,s,21.2
78,106,184Pt,17.3,m,1038.0
78,107,185Pt,70.9,m,4254.0
78,108,186Pt,2.08,h,7488.0
78,109,187Pt,2.35,h,8460.0
78,102,180Pt,56.0,s,56.0
78,103,181Pt,52.0,s,52.0
78,104,182Pt,2.7,m,162.0
78,105,183Pt,6.5,m,390.0
78,110,188Pt,10.2,d,881279.9999999999
78,111,189Pt,10.89,h,39204.0
78,112,190Pt,4.9,y,154526400.0
78,117,195Pt,4.01,d,346464.0
78,119,197Pt,19.8915,h,71609.40000000001
78,113,191Pt,2.86,d,247104.0
78,115,193Pt,50.0,y,1576800000.0
78,121,199Pt,30.51,m,1830.6000000000001
78,122,200Pt,12.6,h,45360.0
78,123,201Pt,2.5,m,150.0
78,124,202Pt,44.0,h,158400.0
78,125,203Pt,22.0,s,22.0
78,126,204Pt,10.7,s,10.7
78,88,166Pt,280.0,us,0.00028
78,87,165Pt,260.0,us,0.00026
78,89,167Pt,0.9,ms,0.0009000000000000001
78,91,169Pt,6.99,ms,0.0069900000000000006
78,90,168Pt,2.02,ms,0.00202
78,93,171Pt,46.0,ms,0.046
78,92,170Pt,13.9,ms,0.013900000000000001
78,95,173Pt,374.0,ms,0.374
78,94,172Pt,97.4,ms,0.09740000000000001
78,97,175Pt,2.43,s,2.43
78,96,174Pt,0.868,s,0.868
78,99,177Pt,10.0,s,10.0
78,98,176Pt,6.32,s,6.32
79,92,171Au,22.0,us,2.2e-05
79,91,170Au,0.29,ms,0.00029
79,94,173Au,26.3,ms,0.0263
79,93,172Au,22.0,ms,0.022
79,96,175Au,201.0,ms,0.201
79,95,174Au,139.0,ms,0.139
79,98,177Au,1.454,s,1.454
79,97,176Au,1.05,s,1.05
79,99,178Au,3.4,s,3.4
79,109,188Au,8.84,m,530.4
79,100,179Au,7.2,s,7.2
79,103,182Au,15.5,s,15.5
79,104,183Au,42.8,s,42.8
79,101,180Au,7.9,s,7.9
79,102,181Au,13.7,s,13.7
79,107,186Au,10.7,m,642.0
79,108,187Au,8.3,m,498.00000000000006
79,105,184Au,21.0,s,21.0
79,106,185Au,4.3,m,258.0
79,110,189Au,28.7,m,1722.0
79,111,190Au,42.8,m,2568.0
79,114,193Au,17.65,h,63539.99999999999
79,115,194Au,38.06,h,137016.0
79,112,191Au,3.18,h,11448.0
79,113,192Au,4.94,h,17784.0
79,118,197Au,7.73,s,7.73
79,119,198Au,2.69469,d,232821.21600000001
79,116,195Au,186.01,d,16071264.0
79,117,196Au,6.156,d,531878.4
79,121,200Au,48.4,m,2904.0
79,122,201Au,26.0,m,1560.0
79,120,199Au,3.135,d,270864.0
79,125,204Au,38.4,s,38.4
79,126,205Au,32.0,s,32.0
79,123,202Au,28.4,s,28.4
79,124,203Au,60.0,s,60.0
79,127,206Au,47.0,s,47.0
80,90,170Hg,80.0,us,7.999999999999999e-05
80,94,174Hg,1.9,ms,0.0019
80,93,173Hg,0.8,ms,0.0008
80,92,172Hg,231.0,us,0.00023099999999999998
80,91,171Hg,59.0,us,5.9e-05
80,98,178Hg,266.0,ms,0.266
80,97,177Hg,117.0,ms,0.117
80,96,176Hg,20.0,ms,0.02
80,95,175Hg,10.2,ms,0.010199999999999999
80,99,179Hg,1.05,s,1.05
80,103,183Hg,8.9,s,8.9
80,104,184Hg,30.9,s,30.9
80,105,185Hg,48.2,s,48.2
80,106,186Hg,1.38,m,82.8
80,107,187Hg,1.9,m,114.0
80,108,188Hg,3.25,m,195.0
80,109,189Hg,8.0,m,480.0
80,110,190Hg,20.0,m,1200.0
80,111,191Hg,49.0,m,2940.0
80,112,192Hg,4.85,h,17460.0
80,113,193Hg,3.8,h,13680.0
80,114,194Hg,447.0,y,14096592000.0
80,115,195Hg,10.68,h,38448.0
80,117,197Hg,64.96,h,233855.99999999997
80,119,199Hg,42.66,m,2559.6
80,123,203Hg,46.612,d,4027276.8000000003
80,100,180Hg,2.58,s,2.58
80,101,181Hg,3.6,s,3.6
80,102,182Hg,10.88,s,10.88
80,125,205Hg,5.1,m,306.0
80,126,206Hg,8.32,m,499.20000000000005
80,127,207Hg,2.9,m,174.0
80,128,208Hg,135.0,s,135.0
80,129,209Hg,6.3,s,6.3
80,130,210Hg,63.7,s,63.7
80,131,211Hg,26.4,s,26.4
81,111,192Tl,9.6,m,576.0
81,112,193Tl,21.6,m,1296.0
81,108,189Tl,2.3,m,138.0
81,109,190Tl,2.8,m,168.0
81,106,187Tl,51.0,s,51.0
81,107,188Tl,71.0,s,71.0
81,104,185Tl,19.5,s,19.5
81,105,186Tl,3.4,s,3.4
81,102,183Tl,6.9,s,6.9
81,103,184Tl,9.5,s,9.5
81,123,204Tl,3.7833,y,119310148.8
81,120,201Tl,3.0421,d,262837.44
81,121,202Tl,12.4706,d,1077459.8399999999
81,119,200Tl,26.1,h,93960.0
81,117,198Tl,5.3,h,19080.0
81,118,199Tl,7.42,h,26712.0
81,115,196Tl,1.84,h,6624.0
81,116,197Tl,2.83,h,10188.0
81,113,194Tl,33.3,m,1997.9999999999998
81,114,195Tl,1.15,h,4140.0
81,100,181Tl,2.9,s,2.9
81,101,182Tl,1.9,s,1.9
81,133,214Tl,11.0,s,11.0
81,134,215Tl,9.7,s,9.7
81,131,212Tl,30.9,s,30.9
81,132,213Tl,23.8,s,23.8
81,130,211Tl,79.6,s,79.6
81,128,209Tl,2.162,m,129.72
81,129,210Tl,1.3,m,78.0
81,126,207Tl,4.77,m,286.2
81,127,208Tl,3.053,m,183.18
81,125,206Tl,4.202,m,252.12
81,135,216Tl,5.9,s,5.9
81,95,176Tl,5.2,ms,0.005200000000000001
81,96,177Tl,18.0,ms,0.018000000000000002
81,97,178Tl,254.0,ms,0.254
81,98,179Tl,426.0,ms,0.426
81,99,180Tl,1.09,s,1.09
82,96,178Pb,0.2,ms,0.0002
82,97,179Pb,2.7,ms,0.0027
82,98,180Pb,4.1,ms,0.0040999999999999995
82,99,181Pb,36.0,ms,0.036000000000000004
82,116,198Pb,2.4,h,8640.0
82,117,199Pb,90.0,m,5400.0
82,118,200Pb,21.5,h,77400.0
82,119,201Pb,9.33,h,33588.0
82,112,194Pb,10.7,m,642.0
82,113,195Pb,15.0,m,900.0
82,114,196Pb,37.0,m,2220.0
82,115,197Pb,8.1,m,486.0
82,120,202Pb,5.25,y,165564000.0
82,121,203Pb,51.93,h,186948.0
82,122,204Pb,66.9,m,4014.0000000000005
82,105,187Pb,15.2,s,15.2
82,106,188Pb,25.5,s,25.5
82,107,189Pb,39.0,s,39.0
82,108,190Pb,71.0,s,71.0
82,101,183Pb,535.0,ms,0.535
82,102,184Pb,490.0,ms,0.49
82,103,185Pb,6.3,s,6.3
82,104,186Pb,4.82,s,4.82
82,109,191Pb,1.33,m,79.80000000000001
82,110,192Pb,3.5,m,210.0
82,100,182Pb,55.0,ms,0.055
82,134,216Pb,99.4,s,99.4
82,135,217Pb,19.9,s,19.9
82,136,218Pb,15.0,s,15.0
82,127,209Pb,3.235,h,11646.0
82,128,210Pb,22.2,y,700099200.0
82,129,211Pb,36.165,m,2169.9
82,123,205Pb,1.7,y,53611200.0
82,125,207Pb,0.806,s,0.806
82,130,212Pb,10.628,h,38260.8
82,131,213Pb,10.2,m,612.0
82,132,214Pb,27.06,m,1623.6
82,133,215Pb,142.0,s,142.0
83,120,203Bi,11.76,h,42336.0
83,121,204Bi,11.28,h,40608.0
83,113,196Bi,5.13,m,307.8
83,114,197Bi,9.33,m,559.8
83,111,194Bi,100.0,s,100.0
83,112,195Bi,183.0,s,183.0
83,117,200Bi,36.4,m,2184.0
83,118,201Bi,111.0,m,6660.0
83,115,198Bi,10.3,m,618.0
83,116,199Bi,27.0,m,1620.0
83,119,202Bi,1.71,h,6156.0
83,110,193Bi,63.0,s,63.0
83,102,185Bi,2.8,us,2.8e-06
83,103,186Bi,14.8,ms,0.0148
83,101,184Bi,13.0,ms,0.013000000000000001
83,106,189Bi,685.0,ms,0.685
83,107,190Bi,6.3,s,6.3
83,104,187Bi,37.0,ms,0.037
83,105,188Bi,60.0,ms,0.06
83,108,191Bi,12.4,s,12.4
83,109,192Bi,34.6,s,34.6
83,135,218Bi,33.0,s,33.0
83,136,219Bi,8.7,s,8.7
83,133,216Bi,2.25,m,135.0
83,134,217Bi,98.5,s,98.5
83,137,220Bi,9.5,s,9.5
83,131,214Bi,19.71,m,1182.6000000000001
83,132,215Bi,7.6,m,456.0
83,130,213Bi,45.607,m,2736.42
83,124,207Bi,31.22,y,984553920.0
83,125,208Bi,3.68,y,116052480.0
83,122,205Bi,14.91,d,1288224.0
83,123,206Bi,6.243,d,539395.2000000001
83,128,211Bi,2.14,m,128.4
83,129,212Bi,60.551,m,3633.06
83,126,209Bi,2.01,y,63387359.99999999
83,127,210Bi,5.012,d,433036.8
84,121,205Po,1.79,h,6444.0
84,122,206Po,8.8,d,760320.0000000001
84,123,207Po,5.8,h,20880.0
84,124,208Po,2.898,y,91391328.0
84,125,209Po,124.0,y,3910464000.0
84,126,210Po,138.378,d,11955859.2
84,127,211Po,0.516,s,0.516
84,128,212Po,295.0,ns,2.9500000000000003e-07
84,129,213Po,3.706,us,3.7059999999999998e-06
84,130,214Po,163.48,us,0.00016347999999999997
84,131,215Po,1.781,ms,0.001781
84,132,216Po,144.0,ms,0.14400000000000002
84,133,217Po,1.53,s,1.53
84,134,218Po,3.097,m,185.82
84,135,219Po,10.33,m,619.8
84,137,221Po,1.87,m,112.2
84,138,222Po,2.42,m,145.2
84,102,186Po,28.0,us,2.8e-05
84,103,187Po,1.4,ms,0.0014
84,104,188Po,270.0,us,0.00027
84,105,189Po,3.5,ms,0.0035
84,106,190Po,2.45,ms,0.0024500000000000004
84,107,191Po,22.0,ms,0.022
84,108,192Po,32.2,ms,0.032200000000000006
84,109,193Po,407.0,ms,0.40700000000000003
84,110,194Po,392.0,ms,0.392
84,111,195Po,4.64,s,4.64
84,112,196Po,5.63,s,5.63
84,113,197Po,54.0,s,54.0
84,114,198Po,1.76,m,105.6
84,115,199Po,5.5,m,330.0
84,116,200Po,11.5,m,690.0
84,117,201Po,15.5,m,930.0
84,118,202Po,44.6,m,2676.0
84,119,203Po,36.7,m,2202.0
84,120,204Po,3.518,h,12664.8
85,108,193At,28.0,ms,0.028
85,109,194At,286.0,ms,0.28600000000000003
85,106,191At,1.7,ms,0.0017
85,107,192At,88.0,ms,0.088
85,119,204At,9.2,m,552.0
85,117,202At,184.0,s,184.0
85,118,203At,7.4,m,444.0
85,115,200At,43.0,s,43.0
85,116,201At,85.0,s,85.0
85,113,198At,4.47,s,4.47
85,114,199At,6.97,s,6.97
85,111,196At,377.0,ms,0.377
85,112,197At,388.0,ms,0.388
85,110,195At,309.0,ms,0.309
85,128,213At,124.0,ns,1.24e-07
85,129,214At,558.0,ns,5.58e-07
85,126,211At,7.216,h,25977.600000000002
85,127,212At,314.0,ms,0.314
85,124,209At,5.42,h,19512.0
85,125,210At,8.1,h,29160.0
85,122,207At,1.81,h,6516.0
85,123,208At,1.63,h,5868.0
85,120,205At,26.9,m,1614.0
85,121,206At,30.5,m,1830.0
85,130,215At,37.0,us,3.7e-05
85,139,224At,1.27,m,76.2
85,137,222At,54.0,s,54.0
85,138,223At,50.0,s,50.0
85,135,220At,3.71,m,222.6
85,136,221At,2.3,m,138.0
85,133,218At,1.28,s,1.28
85,134,219At,56.0,s,56.0
85,131,216At,0.3,ms,0.0003
85,132,217At,32.6,ms,0.032600000000000004
86,128,214Rn,259.0,ns,2.5900000000000003e-07
86,127,213Rn,19.38,ms,0.019379999999999998
86,129,215Rn,2.3,us,2.2999999999999996e-06
86,124,210Rn,2.42,h,8712.0
86,123,209Rn,28.7,m,1722.0
86,126,212Rn,23.9,m,1434.0
86,125,211Rn,14.7,h,52920.0
86,120,206Rn,6.29,m,377.4
86,122,208Rn,24.28,m,1456.8000000000002
86,121,207Rn,9.25,m,555.0
86,140,226Rn,7.4,m,444.0
86,139,225Rn,4.66,m,279.6
86,138,224Rn,114.0,m,6840.0
86,135,221Rn,25.7,m,1542.0
86,134,220Rn,55.6,s,55.6
86,137,223Rn,24.3,m,1458.0
86,136,222Rn,3.82146,d,330174.14400000003
86,131,217Rn,0.59,ms,0.00059
86,130,216Rn,29.0,us,2.9e-05
86,133,219Rn,3.96,s,3.96
86,132,218Rn,33.75,ms,0.03375
86,142,228Rn,65.0,s,65.0
86,141,227Rn,20.8,s,20.8
86,143,229Rn,12.0,s,12.0
86,109,195Rn,6.0,ms,0.006
86,108,194Rn,0.78,ms,0.0007800000000000001
86,107,193Rn,1.15,ms,0.00115
86,117,203Rn,44.0,s,44.0
86,116,202Rn,9.75,s,9.75
86,119,205Rn,170.0,s,170.0
86,118,204Rn,74.0,s,74.0
86,113,199Rn,0.6,s,0.6
86,112,198Rn,65.0,ms,0.065
86,115,201Rn,7.0,s,7.0
86,114,200Rn,1.03,s,1.03
86,111,197Rn,55.0,ms,0.055
86,110,196Rn,4.4,ms,0.0044
87,139,226Fr,49.0,s,49.0
87,138,225Fr,4.0,m,240.0
87,137,224Fr,3.33,m,199.8
87,132,219Fr,22.0,ms,0.022
87,131,218Fr,1.1,ms,0.0011
87,130,217Fr,22.0,us,2.2e-05
87,136,223Fr,21.99,m,1319.3999999999999
87,135,222Fr,14.2,m,852.0
87,134,221Fr,4.801,m,288.06
87,133,220Fr,27.4,s,27.4
87,129,216Fr,0.7,us,7e-07
87,128,215Fr,89.0,ns,8.9e-08
87,127,214Fr,5.5,ms,0.0055
87,126,213Fr,34.17,s,34.17
87,121,208Fr,58.6,s,58.6
87,120,207Fr,14.8,s,14.8
87,125,212Fr,20.3,m,1218.0
87,124,211Fr,3.1,m,186.0
87,123,210Fr,3.18,m,190.8
87,122,209Fr,50.5,s,50.5
87,143,230Fr,19.1,s,19.1
87,142,229Fr,50.2,s,50.2
87,141,228Fr,38.0,s,38.0
87,140,227Fr,2.47,m,148.20000000000002
87,146,233Fr,0.9,s,0.9
87,145,232Fr,5.5,s,5.5
87,144,231Fr,17.6,s,17.6
87,118,205Fr,3.9,s,3.9
87,117,204Fr,1.8,s,1.8
87,116,203Fr,550.0,ms,0.55
87,115,202Fr,364.0,ms,0.364
87,119,206Fr,16.0,s,16.0
87,110,197Fr,0.6,ms,0.0006
87,114,201Fr,63.0,ms,0.063
87,113,200Fr,50.0,ms,0.05
87,112,199Fr,4.5,ms,0.0045000000000000005
87,111,198Fr,15.0,ms,0.015
88,137,225Ra,14.8,d,1278720.0
88,136,224Ra,3.6313,d,313744.32
88,139,227Ra,42.2,m,2532.0
88,138,226Ra,1600.0,y,50457600000.0
88,131,219Ra,9.0,ms,0.009000000000000001
88,130,218Ra,25.91,us,2.5909999999999998e-05
88,133,221Ra,16.0,s,16.0
88,132,220Ra,18.0,ms,0.018000000000000002
88,135,223Ra,11.4352,d,988001.28
88,134,222Ra,33.6,s,33.6
88,126,214Ra,2.438,s,2.438
88,125,213Ra,2.73,m,163.8
88,128,216Ra,172.0,ns,1.72e-07
88,127,215Ra,1.68,ms,0.00168
88,129,217Ra,1.59,us,1.59e-06
88,120,208Ra,1.11,s,1.11
88,122,210Ra,3.9,s,3.9
88,121,209Ra,4.8,s,4.8
88,124,212Ra,13.0,s,13.0
88,123,211Ra,13.0,s,13.0
88,140,228Ra,5.75,y,181332000.0
88,142,230Ra,93.0,m,5580.0
88,141,229Ra,4.0,m,240.0
88,144,232Ra,4.2,m,252.0
88,143,231Ra,103.9,s,103.9
88,146,234Ra,30.0,s,30.0
88,145,233Ra,30.0,s,30.0
88,115,203Ra,31.0,ms,0.031
88,114,202Ra,3.8,ms,0.0038
88,117,205Ra,215.0,ms,0.215
88,116,204Ra,58.0,ms,0.058
88,119,207Ra,1.4,s,1.4
88,118,206Ra,240.0,ms,0.24
88,113,201Ra,8.0,ms,0.008
89,119,208Ac,93.0,ms,0.093
89,118,207Ac,27.0,ms,0.027
89,117,206Ac,27.0,ms,0.027
89,116,205Ac,7.7,ms,0.0077
89,145,234Ac,44.0,s,44.0
89,144,233Ac,143.0,s,143.0
89,143,232Ac,119.0,s,119.0
89,142,231Ac,7.5,m,450.0
89,141,230Ac,122.0,s,122.0
89,140,229Ac,62.7,m,3762.0
89,147,236Ac,1.2,m,72.0
89,146,235Ac,62.0,s,62.0
89,123,212Ac,895.0,ms,0.895
89,122,211Ac,210.0,ms,0.21
89,121,210Ac,344.0,ms,0.34400000000000003
89,120,209Ac,91.0,ms,0.091
89,129,218Ac,1.02,us,1.02e-06
89,128,217Ac,69.0,ns,6.900000000000001e-08
89,127,216Ac,360.0,us,0.00035999999999999997
89,126,215Ac,170.0,ms,0.17
89,125,214Ac,8.2,s,8.2
89,124,213Ac,738.0,ms,0.738
89,134,223Ac,2.12,m,127.2
89,133,222Ac,4.9,s,4.9
89,132,221Ac,52.0,ms,0.052000000000000005
89,131,220Ac,26.4,ms,0.0264
89,130,219Ac,9.5,us,9.499999999999999e-06
89,139,228Ac,6.15,h,22140.0
89,138,227Ac,21.7725,y,686617560.0
89,137,226Ac,29.37,h,105732.0
89,136,225Ac,9.919,d,857001.6000000001
89,135,224Ac,2.78,h,10008.0
90,148,238Th,9.4,m,564.0
90,145,235Th,7.2,m,432.0
90,144,234Th,24.107,d,2082844.8
90,147,237Th,4.79,m,287.4
90,146,236Th,37.5,m,2250.0
90,141,231Th,25.52,h,91872.0
90,140,230Th,7.54,y,237781440.0
90,143,233Th,21.83,m,1309.8
90,142,232Th,1.41,y,44465760.0
90,138,228Th,1.9116,y,60284217.6
90,137,227Th,18.6936,d,1615127.04
90,139,229Th,7907.5,y,249370920000.0
90,134,224Th,1.04,s,1.04
90,133,223Th,0.6,s,0.6
90,136,226Th,30.69,m,1841.4
90,135,225Th,8.72,m,523.2
90,130,220Th,10.2,us,1.0199999999999999e-05
90,132,222Th,1.97,ms,0.00197
90,131,221Th,1.73,ms,0.00173
90,127,217Th,254.0,us,0.000254
90,126,216Th,26.0,ms,0.026000000000000002
90,129,219Th,1.02,us,1.02e-06
90,128,218Th,121.0,ns,1.21e-07
90,123,213Th,146.0,ms,0.146
90,122,212Th,31.7,ms,0.0317
90,125,215Th,1.4,s,1.4
90,124,214Th,100.0,ms,0.1
90,121,211Th,37.0,ms,0.037
90,120,210Th,15.7,ms,0.0157
90,119,209Th,2.5,ms,0.0025
90,118,208Th,3.1,ms,0.0031000000000000003
91,120,211Pa,3.8,ms,0.0038
91,124,215Pa,14.0,ms,0.014
91,123,214Pa,17.0,ms,0.017
91,122,213Pa,5.3,ms,0.0053
91,121,212Pa,5.0,ms,0.005
91,128,219Pa,55.0,ns,5.5e-08
91,127,218Pa,109.0,us,0.00010899999999999999
91,126,217Pa,3.7,ms,0.0037
91,125,216Pa,118.0,ms,0.11800000000000001
91,129,220Pa,0.89,us,8.9e-07
91,131,222Pa,3.89,ms,0.0038900000000000002
91,130,221Pa,5.9,us,5.9e-06
91,135,226Pa,1.8,m,108.0
91,134,225Pa,1.7,s,1.7
91,133,224Pa,0.85,s,0.85
91,132,223Pa,5.3,ms,0.0053
91,139,230Pa,17.4,d,1503359.9999999998
91,138,229Pa,1.55,d,133920.0
91,137,228Pa,19.8,h,71280.0
91,136,227Pa,38.3,m,2298.0
91,142,233Pa,26.975,d,2330640.0
91,141,232Pa,1.31,d,113184.0
91,140,231Pa,3.27,y,103122720.0
91,146,237Pa,8.7,m,522.0
91,145,236Pa,9.1,m,546.0
91,144,235Pa,24.4,m,1464.0
91,143,234Pa,6.671,h,24015.600000000002
91,148,239Pa,1.8,h,6480.0
91,147,238Pa,2.3,m,138.0
92,123,215U,0.7,ms,0.0007
92,130,222U,4.7,us,4.7e-06
92,132,224U,396.0,us,0.000396
92,131,223U,62.0,us,6.2e-05
92,134,226U,267.0,ms,0.267
92,133,225U,61.0,ms,0.061
92,125,217U,16.0,ms,0.016
92,124,216U,4.5,ms,0.0045000000000000005
92,127,219U,60.0,us,5.9999999999999995e-05
92,126,218U,0.63,ms,0.00063
92,129,221U,0.66,us,6.6e-07
92,141,233U,1.59,y,50142240.0
92,140,232U,68.9,y,2172830400.0
92,143,235U,7.04,y,222013440.0
92,142,234U,2.46,y,77578560.0
92,145,237U,6.752,d,583372.7999999999
92,144,236U,2.34,y,73794240.0
92,136,228U,9.1,m,546.0
92,135,227U,1.1,m,66.0
92,138,230U,20.23,d,1747872.0
92,137,229U,57.8,m,3468.0
92,139,231U,4.2,d,362880.0
92,150,242U,16.8,m,1008.0
92,147,239U,23.45,m,1407.0
92,146,238U,4.46,y,140650560.0
92,148,240U,14.1,h,50760.0
93,129,222Np,380.0,ns,3.8e-07
93,127,220Np,25.0,us,2.4999999999999998e-05
93,126,219Np,150.0,us,0.00015
93,133,226Np,37.0,ms,0.037
93,132,225Np,3.7,ms,0.0037
93,131,224Np,38.0,us,3.7999999999999995e-05
93,130,223Np,2.15,us,2.1499999999999997e-06
93,149,242Np,2.2,m,132.0
93,148,241Np,13.9,m,834.0
93,147,240Np,61.9,m,3714.0
93,146,239Np,2.3558,d,203541.12
93,145,238Np,2.0993,d,181379.52
93,151,244Np,2.29,m,137.4
93,150,243Np,1.85,m,111.0
93,139,232Np,14.7,m,882.0
93,138,231Np,48.8,m,2928.0
93,137,230Np,4.63,m,277.8
93,136,229Np,4.0,m,240.0
93,135,228Np,61.4,s,61.4
93,134,227Np,0.51,s,0.51
93,144,237Np,2.14,y,67487040.0
93,143,236Np,1.55,y,48880800.0
93,142,235Np,396.1,d,34223040.0
93,141,234Np,4.4,d,380160.00000000006
93,140,233Np,36.2,m,2172.0
94,152,246Pu,10.84,d,936576.0
94,151,245Pu,10.54,h,37944.0
94,153,247Pu,2.27,d,196128.0
94,150,244Pu,8.13,y,256387680.00000003
94,149,243Pu,4.955,h,17838.0
94,148,242Pu,3.75,y,118260000.0
94,145,239Pu,2.41,y,76001760.0
94,144,238Pu,87.7,y,2765707200.0
94,147,241Pu,14.329,y,451879344.0
94,146,240Pu,6562.2,y,206945539200.0
94,141,235Pu,25.3,m,1518.0
94,140,234Pu,8.8,h,31680.000000000004
94,143,237Pu,45.64,d,3943296.0
94,142,236Pu,2.858,y,90129888.0
94,138,232Pu,33.1,m,1986.0
94,137,231Pu,8.6,m,516.0
94,139,233Pu,20.9,m,1254.0
94,134,228Pu,1.1,s,1.1
94,136,230Pu,107.0,s,107.0
94,135,229Pu,83.0,s,83.0
95,135,230Am,36.0,s,36.0
95,134,229Am,0.9,s,0.9
95,139,234Am,2.32,m,139.2
95,138,233Am,3.2,m,192.0
95,137,232Am,1.31,m,78.60000000000001
95,142,237Am,73.0,m,4380.0
95,141,236Am,3.6,m,216.0
95,140,235Am,10.3,m,618.0
95,146,241Am,432.6,y,13642473600.0
95,145,240Am,50.9,h,183240.0
95,144,239Am,11.9,h,42840.0
95,143,238Am,97.4,m,5844.0
95,149,244Am,10.02,h,36072.0
95,148,243Am,7345.0,y,231631920000.0
95,147,242Am,16.02,h,57672.0
95,152,247Am,23.0,m,1380.0
95,151,246Am,39.0,m,2340.0
95,150,245Am,2.047,h,7369.200000000001
95,128,223Am,5.2,ms,0.005200000000000001
96,140,236Cm,6.8,m,408.0
96,138,234Cm,50.0,s,50.0
96,137,233Cm,23.0,s,23.0
96,139,235Cm,300.0,s,300.0
96,150,246Cm,4757.0,y,150016752000.0
96,152,248Cm,3.48,y,109745280.0
96,151,247Cm,1.56,y,49196160.0
96,143,239Cm,2.5,h,9000.0
96,142,238Cm,2.2,h,7920.000000000001
96,145,241Cm,32.8,d,2833919.9999999995
96,144,240Cm,30.4,d,2626560.0
96,147,243Cm,29.18,y,920220480.0
96,146,242Cm,162.88,d,14072832.0
96,149,245Cm,8245.0,y,260014320000.0
96,148,244Cm,18.112,y,571180032.0
96,154,250Cm,8300.0,y,261748800000.0
96,153,249Cm,64.15,m,3849.0000000000005
96,155,251Cm,16.8,m,1008.0
97,141,238Bk,144.0,s,144.0
97,143,240Bk,4.8,m,288.0
97,144,241Bk,4.6,m,276.0
97,145,242Bk,7.0,m,420.0
97,146,243Bk,4.6,h,16560.0
97,147,244Bk,5.02,h,18072.0
97,148,245Bk,4.96,d,428544.0
97,149,246Bk,1.8,d,155520.0
97,150,247Bk,1380.0,y,43519680000.0
97,151,248Bk,9.0,y,283824000.0
97,136,233Bk,21.0,s,21.0
97,137,234Bk,19.0,s,19.0
97,139,236Bk,22.0,s,22.0
97,152,249Bk,327.2,d,28270080.0
97,153,250Bk,3.212,h,11563.2
97,154,251Bk,56.0,m,3360.0
97,155,252Bk,1.8,m,108.0
97,156,253Bk,10.0,m,600.0
98,148,246Cf,35.7,h,128520.00000000001
98,149,247Cf,3.11,h,11196.0
98,146,244Cf,19.4,m,1164.0
98,147,245Cf,45.0,m,2700.0
98,144,242Cf,3.49,m,209.4
98,145,243Cf,10.6,m,636.0
98,142,240Cf,41.2,s,41.2
98,143,241Cf,3.78,m,226.79999999999998
98,140,238Cf,21.1,ms,0.0211
98,141,239Cf,28.0,s,28.0
98,150,248Cf,333.5,d,28814400.0
98,139,237Cf,0.8,s,0.8
98,157,255Cf,85.0,m,5100.0
98,158,256Cf,12.3,m,738.0
98,155,253Cf,17.78,d,1536192.0
98,156,254Cf,60.5,d,5227200.0
98,153,251Cf,898.0,y,28319328000.0
98,154,252Cf,2.647,y,83475792.0
98,151,249Cf,350.7,y,11059675200.0
98,152,250Cf,13.08,y,412490880.0
99,147,246Es,7.5,m,450.0
99,148,247Es,4.55,m,273.0
99,149,248Es,24.0,m,1440.0
99,143,242Es,17.8,s,17.8
99,144,243Es,22.0,s,22.0
99,145,244Es,37.0,s,37.0
99,146,245Es,1.12,m,67.2
99,141,240Es,6.7,s,6.7
99,142,241Es,4.3,s,4.3
99,158,257Es,7.7,d,665280.0
99,154,253Es,20.466,d,1768262.4000000001
99,155,254Es,275.7,d,23820480.0
99,156,255Es,39.8,d,3438719.9999999995
99,157,256Es,25.4,m,1524.0
99,150,249Es,102.2,m,6132.0
99,151,250Es,8.5,h,30600.0
99,152,251Es,33.0,h,118800.0
99,153,252Es,471.7,d,40754880.0
100,141,241Fm,0.73,ms,0.00073
100,145,245Fm,5.4,s,5.4
100,144,244Fm,3.12,ms,0.0031200000000000004
100,143,243Fm,231.0,ms,0.231
100,142,242Fm,0.8,ms,0.0008
100,149,249Fm,1.6,m,96.0
100,148,248Fm,34.5,s,34.5
100,147,247Fm,31.0,s,31.0
100,146,246Fm,1.53,s,1.53
100,152,252Fm,25.38,h,91368.0
100,151,251Fm,5.3,h,19080.0
100,150,250Fm,30.9,m,1854.0
100,156,256Fm,157.1,m,9426.0
100,155,255Fm,20.07,h,72252.0
100,154,254Fm,3.24,h,11664.0
100,153,253Fm,3.0,d,259200.0
100,159,259Fm,1.5,s,1.5
100,158,258Fm,370.0,us,0.00037
100,157,257Fm,100.5,d,8683200.0
101,151,252Md,2.3,m,138.0
101,150,251Md,4.27,m,256.2
101,153,254Md,10.0,m,600.0
101,152,253Md,6.45,m,387.0
101,155,256Md,77.7,m,4662.0
101,154,255Md,27.0,m,1620.0
101,157,258Md,51.52,d,4451328.0
101,156,257Md,5.52,h,19872.0
101,159,260Md,31.8,d,2747520.0
101,158,259Md,1.61,h,5796.0
101,144,245Md,0.33,s,0.33
101,143,244Md,0.39,s,0.39
101,146,247Md,1.2,s,1.2
101,145,246Md,0.9,s,0.9
101,148,249Md,25.6,s,25.6
101,147,248Md,7.0,s,7.0
101,149,250Md,53.4,s,53.4
102,158,260No,107.0,ms,0.107
102,157,259No,58.0,m,3480.0
102,156,258No,1.23,ms,0.00123
102,155,257No,24.5,s,24.5
102,154,256No,2.93,s,2.93
102,153,255No,3.52,m,211.2
102,152,254No,51.2,s,51.2
102,151,253No,1.61,m,96.60000000000001
102,150,252No,2.45,s,2.45
102,160,262No,5.0,ms,0.005
102,149,251No,0.8,s,0.8
102,148,250No,4.6,us,4.599999999999999e-06
102,147,249No,37.8,ms,0.0378
103,159,262Lr,4.0,h,14400.0
103,158,261Lr,42.0,m,2520.0
103,155,258Lr,3.86,s,3.86
103,154,257Lr,5.9,s,5.9
103,157,260Lr,3.0,m,180.0
103,156,259Lr,6.22,s,6.22
103,151,254Lr,11.9,s,11.9
103,150,253Lr,0.65,s,0.65
103,153,256Lr,27.9,s,27.9
103,152,255Lr,31.1,s,31.1
103,161,264Lr,4.9,h,17640.0
103,163,266Lr,11.0,h,39600.0
103,148,251Lr,24.4,ms,0.024399999999999998
103,149,252Lr,0.35,s,0.35
104,163,267Rf,1.3,h,4680.0
104,161,265Rf,1.0,m,60.0
104,156,260Rf,21.7,ms,0.0217
104,155,259Rf,2.5,s,2.5
104,154,258Rf,9.81,ms,0.009810000000000001
104,153,257Rf,4.5,s,4.5
104,159,263Rf,13.63,m,817.8000000000001
104,158,262Rf,47.0,ms,0.047
104,157,261Rf,70.0,s,70.0
104,152,256Rf,6.76,ms,0.0067599999999999995
104,151,255Rf,1.67,s,1.67
104,150,254Rf,22.8,us,2.28e-05
104,149,253Rf,10.3,ms,0.0103
105,163,268Db,26.4,h,95040.0
105,165,270Db,15.0,h,54000.0
105,162,267Db,79.0,m,4740.0
105,161,266Db,0.4,h,1440.0
105,153,258Db,2.08,s,2.08
105,152,257Db,2.3,s,2.3
105,155,260Db,1.51,s,1.51
105,154,259Db,0.51,s,0.51
105,157,262Db,34.4,s,34.4
105,156,261Db,4.1,s,4.1
105,158,263Db,27.0,s,27.0
105,151,256Db,1.9,s,1.9
105,150,255Db,54.0,ms,0.054
106,158,264Sg,60.0,ms,0.06
106,157,263Sg,0.9,s,0.9
106,156,262Sg,11.4,ms,0.0114
106,155,261Sg,183.0,ms,0.183
106,154,260Sg,4.83,ms,0.00483
106,153,259Sg,0.4,s,0.4
106,152,258Sg,2.7,ms,0.0027
106,159,265Sg,16.0,s,16.0
106,161,267Sg,1.4,m,84.0
106,160,266Sg,0.34,s,0.34
106,165,271Sg,1.6,m,96.0
106,163,269Sg,2.13,m,127.8
107,171,278Bh,19.0,m,1140.0
107,155,262Bh,88.0,ms,0.088
107,154,261Bh,11.7,ms,0.0117
107,157,264Bh,0.99,s,0.99
107,153,260Bh,35.0,ms,0.035
107,160,267Bh,16.0,s,16.0
107,165,272Bh,9.4,s,9.4
107,167,274Bh,44.0,s,44.0
107,164,271Bh,1.5,s,1.5
107,163,270Bh,1.0,m,60.0
107,159,266Bh,10.0,s,10.0
107,158,265Bh,0.94,s,0.94
108,159,267Hs,53.0,ms,0.053
108,158,266Hs,2.97,ms,0.0029700000000000004
108,157,265Hs,1.9,ms,0.0019
108,162,270Hs,7.6,s,7.6
108,161,269Hs,13.0,s,13.0
108,160,268Hs,0.4,s,0.4
108,167,275Hs,0.2,s,0.2
108,165,273Hs,0.51,s,0.51
108,156,264Hs,0.63,ms,0.00063
108,155,263Hs,0.74,ms,0.00074
108,169,277Hs,3.0,ms,0.003
109,168,277Mt,3.9,ms,0.0039
109,167,276Mt,0.62,s,0.62
109,169,278Mt,4.5,s,4.5
109,161,270Mt,0.48,s,0.48
109,166,275Mt,20.0,ms,0.02
109,165,274Mt,0.44,s,0.44
109,157,266Mt,2.1,ms,0.0021000000000000003
109,159,268Mt,21.0,ms,0.021
110,157,267Ds,3.0,us,3e-06
110,159,269Ds,180.0,us,0.00017999999999999998
110,171,281Ds,12.0,s,12.0
110,170,280Ds,0.36,ms,0.00035999999999999997
110,172,282Ds,1.1,m,66.0
110,160,270Ds,0.19,ms,0.00019
110,167,277Ds,3.5,ms,0.0035
110,163,273Ds,190.0,us,0.00018999999999999998
110,161,271Ds,1.6,ms,0.0016
110,169,279Ds,216.0,ms,0.216
111,171,282Rg,100.0,s,100.0
111,170,281Rg,11.0,s,11.0
111,167,278Rg,4.2,ms,0.004200000000000001
111,163,274Rg,12.0,ms,0.012
111,161,272Rg,3.8,ms,0.0038
111,168,279Rg,90.0,ms,0.09
111,169,280Rg,3.87,s,3.87
112,165,277Cn,0.61,ms,0.00061
112,169,281Cn,180.0,ms,0.18
112,174,286Cn,11.0,m,660.0
112,170,282Cn,0.98,ms,0.00098
112,171,283Cn,4.6,s,4.6
112,172,284Cn,121.0,ms,0.121
112,173,285Cn,33.0,s,33.0
113,165,278Nh,1.4,s,1.4
113,169,282Nh,73.0,ms,0.073
113,171,284Nh,0.82,s,0.82
113,172,285Nh,2.1,s,2.1
113,170,283Nh,70.0,ms,0.07
113,173,286Nh,9.5,s,9.5
113,177,290Nh,2.0,s,2.0
114,170,284Fl,2.5,ms,0.0025
114,171,285Fl,100.0,ms,0.1
114,172,286Fl,121.0,ms,0.121
114,173,287Fl,400.0,ms,0.4
114,174,288Fl,0.64,s,0.64
114,175,289Fl,2.4,s,2.4
114,176,290Fl,19.0,s,19.0
115,175,290Mc,0.65,s,0.65
115,173,288Mc,199.0,ms,0.199
115,174,289Mc,277.0,ms,0.277
115,172,287Mc,37.0,ms,0.037
116,174,290Lv,8.3,ms,0.0083
116,175,291Lv,19.0,ms,0.019
116,176,292Lv,12.8,ms,0.0128
116,177,293Lv,95.0,ms,0.095
117,176,293Ts,21.0,ms,0.021
117,177,294Ts,51.0,ms,0.051000000000000004
118,176,294Og,0.58,ms,0.00058
